Billy Sunshine,2023-01-10T14:55:27Z,"It's too bad blk ppl always claim they quit things because they see no one who looks like them doing it. The culture needs more individuality. In terms of the European sport of cycling, its not rocket science as to why its not appealed to a culture that lacks individuality.",0
mrmotomoto,2023-01-01T05:19:24Z,"It’s amazing just how much positivity they bring out of most people. I mean, just read these comments. It’s so unusual to find a comment section on the internet so positive.",0
Mike Fowler,2022-12-16T01:40:24Z,"Really enjoyed the video, fun to see guys and girls who love each other and love racing their bikes.",0
Luca Bodareu,2022-11-19T19:30:39Z,this is not pro cycling this is the new era of free and encouraging criterium style racing,0
Rebels of the Light,2022-11-03T19:38:03Z,"LOVE, LOVE, LOVE every single aspect of LEGION and the shake up they have been brave enough to ignite within the sport...AMEN. Nic, Sunshine Coast, AUSTRALIA",0
Tim Taylor,2022-08-24T18:02:08Z,"cycling is no different than thing else, stay relevant and get your worth. and there are many paths and ways to find success especially today. you dont even need to win races to get noticed",0
Tim Taylor,2022-08-24T17:59:17Z,i like ralphs designs but it cost way too much,0
Red,2022-08-17T21:12:49Z,i just get a bunch of white boys that fux with me cuz theres no asian in cycling lol,0
Krob777,2022-08-15T21:39:25Z,Ooh ooh ooh,0
jezzasing,2022-08-05T11:42:05Z,Inspirational stuff.,0
J L T,2022-07-09T16:09:55Z,"Wow, awesome video but that last minute really touched my heart. So proud of you guys...Legion is the truth",0
starblazers01,2022-06-09T16:29:17Z,"There is nothing new that Legion team is introducing. Much like football ⚽,  cycling is already one most diverse sports. Don't let current negative media dictate the temperature of society.",1
Andrew Hall,2022-06-06T22:13:46Z,"The Americans just love boring race formats, going round in circles. Whether it be Nascar or crit racing. I'll stick to the good old fashioned European cycling calendar of the 5 monuments and 3 grand tours. Tradition trumps whatever this is in my book.",2
Cody Newlon,2022-06-06T16:11:04Z,I LOVE THIS! I just got into cycling and this just made my transition into the sport more welcoming,1
O C,2022-06-05T07:10:43Z,Can't wait to race y'all,0
Matthew O. Sloan,2022-06-04T03:28:40Z,Great Doc! Thank you for making this for us and sharing it with us - inspiring! I definitely want to put some hard sessions in my legs to lift my game! Legion - Winning For Life!,0
Vinh Le,2022-05-28T23:44:34Z,Anyone else came here to watch this and anticipating for 2022 years video?,0
Shep Shape,2022-05-27T12:14:50Z,"Yeah, you guys are amazing bike racers, but we all know that what you're doing is way bigger than that.  To remove the elitism that exists in the cycling community, to give poc heroes to look up to, to be inspired by, is what it's all about.  I know it sounds hokey, but it truly is a matter of you have to see it to be it.  Maybe 15 or 20 years from now those two little girls will be racing for the US in the Olympics, or winning grand tours, or maybe they'll be the national crit champions...but even if they just love riding bikes, that will be awesome.  I love it, and hopefully you guys will be in FL some day and you'll organize a big group ride where we can all come out and share some time on the road with you and your amazing team.  Until then, keep inspiring, keep winning, and keep loving.",0
Khalid Bel,2022-04-24T17:53:11Z,"Good to see diversity in cycling, real competition!",0
Steve Dinverno,2022-04-19T12:05:46Z,"Wow! Fantastic film. Feel the passion, feel the emotion. Full of motivation. Love the team. Watched it twice straight over… Amazing.",0
Steve Dinverno,2022-04-19T12:05:13Z,"Wow! Fantastic film. Feel the passion, feel the emotion. Full of motivation. Love the team. Watched it twice straight over… Amazing.",0
Levi Welch,2022-03-30T21:07:58Z,I never thought I fit in with your typical ""cyclers"" justins and cory help me get past that and now I can be myself on my bike and express myself how I want to.,0
Michael Montalvo,2022-03-02T02:35:48Z,Emotions flow out of me every time I watch this video.,0
WilliansBR,2022-02-05T15:57:14Z,Big respect from São Paulo - Brazil,0
starblazers01,2022-01-25T01:32:36Z,Overdramatized 🥶,2
Mic Canyon,2022-01-19T11:12:43Z,Inspiring!! 🙌,0
Ashley Cannon,2022-01-10T17:47:38Z,I was always into bikes. But never thought about getting into it on this level until I found the Williams brothers on YT. So yes I appreciate them form  being one of many black cyclist making it ok for us to be comfortable and confident with cycling.,0
Randy Schanaman,2022-01-10T00:24:34Z,"No place in the English language for the ""F"" word, shows ignorance!!",0
Road Race Junkies,2022-01-01T23:46:32Z,The children of 200 Rebellious fallen angels is un-worthy to be on black cycling team.,0
Cyclingnerd Delux,2021-12-16T09:52:33Z,Keep it up. You are the future of cycling. The future is bright because of forward thinking people like you.,0
Live Your Life,2021-11-07T01:33:29Z,Absolutely Awesome!!,0
Bennett Hasty,2021-11-03T14:19:24Z,I’m not even black myself but still rollin tears 😭 by the end of this - way to go Team 👏,0
paul doherty,2021-10-30T19:38:37Z,"Hi Legion, great wins in tulsa. respect. Part of your reason to ride is to change cycling. Have you guys watched ""thereabouts"" featuring Gus and Lachlann Morton ? They have changed my perspective on cycling and what the joy of cycling does for your psyche, changes you as a person. Check it out guys. I wish ye every success in the future",0
Ryan O'connor,2021-10-26T21:02:11Z,How do I get into this ?! Just start by getting a road bike ?,0
Alan Johnson,2021-10-15T10:44:31Z,The best Rapha Gone Racing film I've seen to date. Keep on winning at life you guys! Greetings from Europe.,0
racerx8410712,2021-10-13T17:12:21Z,No Lachlan Morton?,0
Joanne Johnston,2021-10-10T12:59:27Z,Wow!  So moved and inspired by your awesome team.  Huge well done on your amazing and incredible achievements and being such an inspiration to us all!,2
Franco Buhay,2021-10-08T15:13:11Z,Seeing someone who's discovered his purpose in life and is living it to the fullest is so moving. Tearing up man.,1
Jean-Marin Grillon,2021-10-06T09:50:55Z,To follow the RCC ITL chapterhttps://www.instagram.com/rapha_rccitl/,0
Gasolinewine,2021-10-06T01:29:58Z,"What an awesome video…and team. I hated you guys, now I love you ❤️😊",0
P Rex,2021-10-02T01:34:14Z,This what a team looks like.Who doesn't love the sound of a crisp freewheel? JS,0
PookieNumnums,2021-09-29T22:35:08Z,What a wholesome ending. The way they kept the camera on him kinda reminded me of nardwuar for some reason lol.,0
Matt Trask,2021-09-29T13:29:28Z,"Between them and EF, they are changing the conversation about pro cycling and its awesome.",0
Kevin._.Farren,2021-09-29T13:27:04Z,Ephing amazing!  Keep doing your thing!!!,1
Midwest E-MTB,2021-09-28T15:07:21Z,This racing gets rowdy!!!!,0
J,2021-09-25T10:55:19Z,The Williams brothers are inspirational.,0
bigg bee Perez,2021-09-17T05:13:10Z,Legion is such an inspiration to watch the Williams brothers and the Legion team are really the 🐐 🐐 of cycling. Str8 🔥 🔥 🔥,0
William Hamilton,2021-09-14T16:53:32Z,I am a black 29 year old from Minnesota. I have been so truly inspired by the Williams bros and Legion of Los Angeles. I can’t afford a nice road bike but the road bike I have I feel like I am riding with y’all. Keep doing what y’all are doing. Inspiring young Black youth!,21
Tammo Klaassen,2021-09-14T08:18:31Z,"This team, and this documentary .... WORLD CLASS",0
Joe P,2021-09-14T01:05:47Z,Wow. This was really well made. Not to mention inspiring,0
KoyukonMC,2021-09-12T01:18:32Z,So sick,0
Le Aja,2021-08-27T16:54:14Z,Totally impressed! Thanks Legion for making a lasting difference that will count for the long term. Totally excellent!,0
mycoolcar,2021-08-24T02:12:30Z,Great story.,0
G F,2021-08-23T17:47:06Z,Inspirational stuff for sure. But did you have to us so many cuss words...? I wouldn't show this to my son because of the unnecessary F-bomb and that's a shame that he misses out on being inspired by this...,0
DJ Battle,2021-08-18T19:59:43Z,Much respect to L39ION and those who paved their way. Bike racing is the hardest and most humbling sport out here.  L39ION is holding it down right now!!  Imagine what cycling would be in America if ESPN and other sports networks got with it!?  I mean ESPN be showing curling and corn hole.  But won't show the Superbowl of cycling races.  Yeah very strange.,0
Andy Holak,2021-08-18T19:19:38Z,This is just fucking awesome!  Thank you!,0
Colin Matthews,2021-08-16T20:38:50Z,"Amazing, soul-tingling stuff here.... Beyond inspiring.",0
SleepCycle,2021-08-12T05:48:13Z,This was amazing. Hard not to like what they've done for the sport.,0
Steve Cervantes,2021-08-12T04:15:57Z,This is dope but random thought why are they wearing nose plugs at some points during the video? ha,0
#AkoSi- Bong,2021-08-12T03:37:25Z,nice white bikes !! not a fan of diskbrakes (on roadbikes) though ..,0
Stephen Jones,2021-08-11T22:54:08Z,Just Awesome!,0
Elsworth Anthony,2021-08-11T14:50:38Z,Was absolutely moved by this short film. long time fan of Legion and the William’s brothers,0
GEE,2021-08-09T02:33:02Z,No way Matt Sheldon at 17:06! Not the crossover I ever expected,0
David Wren,2021-08-08T09:32:36Z,"I'm not crying, you're crying.",1
nayr497,2021-08-06T15:31:02Z,"All that cursing in the first 90 seconds. Yowch. No need, I get it.The state of pro cycling in the U.S.? Non-existent on the road. Semi-existent on gravel and mtb. Our infrastructure is too terrible. Why take the chance of getting run over by an angry motorist when you play football and develop CTE over the course of pee wee, high school and college?",0
Brock Middlebrook,2021-08-05T22:46:25Z,Incredible 👊🏻👊🏻👊🏻👊🏻,0
Highnoonshred,2021-08-05T17:42:27Z,Love this team! As someone who is out of the norm with Cerebral Palsy and does 100 plus mile rides I like the spirit of you all!! Much love!!,0
AJ Colaizzi,2021-08-05T17:39:51Z,"These folks are the truth! Couldn't be more stoked and proud of them and their mission. Great people trying to make the world a better place.If you talk trash on them, you're projecting your insecurities and issues onto the world and are the problem. There's enough room for non white males in this sport and Legion is making that happen. You wanna talk trash on them behind a keyboard then we gon come find you!",0
Michael Strasser,2021-08-04T20:15:07Z,Called Instagram Cyclists by instagram nobodies. Love you L39ion. You're what this sport needs. Badly.,0
Tom,2021-08-04T17:56:00Z,This is what happens when you teams mental head space is spot on. Pro teams take note of this.,1
Adam Bradshaw,2021-08-04T01:54:11Z,"This might be one of my favorite videos I've ever watched. What a team, what a mission, and oh how incredible they are at pursuing it!",0
Bobby Technical,2021-08-03T20:54:37Z,17:05 @becomeelite soccer YouTuber. See you bro,1
rapidsk8,2021-08-03T10:51:14Z,thanks Rapha for this. Legion of Los Angeles salute!,1
Robert Moody,2021-08-03T09:49:13Z,Dang had to use my Kleenex 🤜🏾❤️,1
Karriem Wardlow,2021-08-03T02:59:07Z,I see 63 thumbs down.  In my best Mad Rapper voice - TELL ‘EM WHY YOU MAD SON!!!  Long live the Legion!!!  A truly inspirational crew.,0
Amine Ouahidi,2021-08-03T02:27:45Z,Love this! What a beautiful vid!,0
Norman Hayes,2021-08-03T01:39:34Z,"Think about leaders and leadership - this is the top of that mountain! As a leader you have to lead people and lead change. If you don't want to do that you will never be a true leader.  It is not about the leader it is about everyone else. A real leader does not say ""I am the best"" they say ""we are the best"" and we could not have done it without everyone, without the TEAM. Sweet victories - the future is LEGION.",0
Yerlnys Linarez,2021-08-02T18:31:19Z,"the best video about the Legions team, great job @corywilliams and  the team great job",0
M L,2021-08-02T13:55:21Z,He can't climb tho,0
L Cooper,2021-08-02T09:00:11Z,YES!!!!!!,0
thetalkingfly,2021-08-02T04:50:14Z,"This so great on so many different levels! Great Great Great and lovely filmmaking too. Cheers, TTF",14
Re Scavone,2021-08-02T01:41:24Z,Amazing,0
Tommy Fasterthanu,2021-08-01T21:42:34Z,Man you guys are just fucking awesome!!!,0
Korey Butler,2021-08-01T05:48:40Z,Love this. Cory I felt those tears!,1
Jeffrey,2021-08-01T01:40:39Z,Love it!!! Can't wait to get my L39ION jersey!!!,0
Mike Sima,2021-07-31T21:31:20Z,Keep being true to yourselves and inspiring us all .... Thank you,0
Steph Laba,2021-07-31T19:37:37Z,Legion are legends! So inspiring!,0
musclemang,2021-07-31T17:28:50Z,They have some strong riders but man L3gion brings a lot of bad drama to the actual riders in the US crit circuit.,1
adunnthing,2021-07-31T16:49:22Z,"Absolutely loved this film, and everything the team are doing for the sport.",0
Richard Cook,2021-07-31T16:43:39Z,Wow!!  ❤️❤️❤️❤️,0
Harry Potter,2021-07-31T16:14:15Z,Beautiful ! Looking fwd on meeting you guys in person some time soon in Cali :-) Keep up the great work ! Inspiring... I watch you guys from Germany / Hamburg !,0
Charles Foxen,2021-07-31T14:45:48Z,That was a fun event. 👏👏👏,0
Abiel Ruiz,2021-07-31T11:58:38Z,This is what it's all about. Love these guys. Living legends.,1
Victor Garcia,2021-07-31T08:06:20Z,Come to Europe. THAT would be awesome.,0
Howard Sladen,2021-07-30T15:50:40Z,Bringing cycling back to the people,0
Eremiyas Hagios,2021-07-30T09:48:56Z,Respect💪🏾,0
August Schilling,2021-07-30T04:25:26Z,Bravo!,0
Vanessa Roth,2021-07-30T02:47:19Z,"All the LOVE & RESPECT, L39ION LA!",0
Jon Romenesko,2021-07-30T02:43:11Z,Hell yeah. This dropped just in time for the Littleton Twilight Crit this weekend. Lets go!,1
Diego J,2021-07-30T02:38:35Z,1:28 “let’s ask Skyler a question and then not hear her answer”. I’m disappointed in the way that part was edited.,0
Somefiend ,2021-07-30T01:26:53Z,Olympics need to add crit racing!!! We’d just send Legion <3,11
L M III,2021-07-29T23:25:00Z,chris boardman -- unsung hero! @24:08 what cory said was soooo powerful. It choked me up a little.,1
EsoTerrestrial,2021-07-29T20:01:59Z,"ya'll. i had no idea. As a black tulsan, I would've loved to get to meet ya'll. I ride fixed, but ya'll are motivating me to get out there and step my game up. hope to cross path's with ya'll next year<3",1
aronmidn,2021-07-29T17:53:41Z,Beautiful! Winning at life,0
EveryTomDay,2021-07-29T17:42:45Z,"i live in tulsa, best weekend of the year every year",0
rtscycling,2021-07-29T14:05:16Z,Much respect to Legion and what they are doing in the cycling community.  The way they conduct themselves and the representation in the sport is monumental.  I enjoyed watching and meeting the guys at intelligentsia cup in Chicago on Sunday.,0
Elite Harrington,2021-07-29T13:31:57Z,"My son and I are gonna be sporting your kit by September (it's will be my birthday gift 🥳) we are from Trinidad and Tobago the most southerly island of the Caribbean, and we absolutely love ya'll. Nuff Respect 🤜🏿🤛🏿",3
Lmbeaux,2021-07-29T06:12:12Z,Love this.,0
Gingerrunning,2021-07-29T05:41:26Z,so fucking good.,0
David Vidaurri,2021-07-29T04:47:30Z,I enjoyed that very much,0
Todd Scott,2021-07-29T02:55:55Z,Thumbs down? Who are you knuckleheads? 🤪,0
Toddtyrrell,2021-07-29T01:37:26Z,"What an amazing program, pure racing.  Keep on trucking, I love this.",0
JP,2021-07-29T00:15:07Z,LEGION are the GOATS,1
Stephen Brown,2021-07-29T00:00:15Z,"Screw the losers, cause we win. Us...not them.",0
Joseph Dunbar,2021-07-28T23:15:22Z,"Rapha, the only people I see locally who were Rapha pull up on there 80,000 dollar Land Rover with there 15,000 dollar bicycle and are typically fat.  Rapha, money money money money……Moonneeeyyyyy",1
marc alechi,2021-07-28T22:37:13Z,Brazilian fan. You are amazing. Thank you mates. 👏👏💪🇧🇷,0
Desiral Hagger,2021-07-28T21:22:32Z,"Take notes America, you can't make this up! We can all make things better working side by side TOGETHER! Great Job Legion representing and committing in being Ambassadors for our inner-city youth.",2
Torsten,2021-07-28T20:50:30Z,L39ION of Los Angeles are such an inspiration to all!,0
ElFamoso Art,2021-07-28T19:38:18Z,Do people actually hate on them?,2
Neville Llewellyn,2021-07-28T19:10:45Z,Magnificence,0
Steven,2021-07-28T18:49:02Z,Leave politics and race out of cycling. Thanks.,3
havock1013,2021-07-28T18:12:25Z,Cheers. I am watching this over and over. Rooting for you all!!,0
K S,2021-07-28T16:17:04Z,Keep making YOUTUBE video's! so much motivation. much love.,0
Exodus Velo,2021-07-28T14:43:39Z,"All the 300% capitalist approach companies are showing brothers left and right, LOL. Whatever as long as we take the attention away from the actual problem. LGTBIHKJ, BLM, vegan organic, nature, homegrown racing, you name it.... But 200$ the jersey in sales, LOL. For the brothers to buy rapha!!!!!!!",4
Richard White,2021-07-28T14:25:28Z,These guys are GREAT for the sport. I love following them.,0
The budget cyclist,2021-07-28T14:20:45Z,I don't think these guys have to worry about team transfers,1
Ken Munoz at MM&R Railroad,2021-07-28T14:19:40Z,Worth sitting through for the closing moments.,0
J Swanson,2021-07-28T13:38:34Z,I love this team. So inspiring.,0
wong5150,2021-07-28T13:25:28Z,Art.,0
Daniel Journell,2021-07-28T13:24:45Z,"The fan interaction at 14ish minutes was so awesome. A top of the heap rider taking time to talk to a young rider but in an honest way with care and interest even asking the young rider to come find her later to talk about her race. We need more of that. I know a lot of the riders at the top right now are like this Travis McCabe, Justin and Corey, and Peter Stetina are also like this. We need every cyclist to be like this from Justin Williams down to that roadie at their local crit. Open and approachable.",1
Seth Haskell,2021-07-28T12:10:31Z,this is important. a spark to ignite the fire of change. 100% behind this team.,0
Don Gibson,2021-07-28T08:53:34Z,Massively impressive. Chapeau!,0
David Santillanes,2021-07-28T08:34:37Z,Don't like the language,1
R M,2021-07-28T07:35:13Z,"Uncensored swearing… really Rapha?! My kids watch this channel because they’re inspired by the stories you tell but now I question what the Rapha values are, which is sad. Sort it out please, don’t drop the standard.Great story, told poorly. #GoneSwearing",0
Holger Schulze,2021-07-28T05:58:01Z,"Pure Energy, very inspiring",0
Brian Gregorio,2021-07-28T05:20:09Z,"Leaving one of the largest foot prints in cycling. L39GION is truly revolutionary, every time I get on my bike, I truly think of L39GION and how much they really push me to be better. You all are doing something right and keep on doing it!",3
Brad Keating,2021-07-28T05:16:29Z,Legion of legends. Good guy types of legends   😃,0
Terrence Willoughby,2021-07-28T04:31:32Z,Tulsa tough 💪🏾👊🏾💯,0
JulianAllen13,2021-07-28T03:29:39Z,"Great ending to a great video. Keep doing what you are doing, keep inspiring us, guys.",0
Todd Wilson,2021-07-28T03:08:54Z,If you dislike this video you are a straight hater. No question!,0
MattGrovesFTW,2021-07-28T01:08:57Z,Lol what’s bad about being known for making YouTube videos? You’re doing something right if you have an audience.,0
Chris Cover,2021-07-28T00:55:31Z,Yes! Representation matters. Thank you.,0
Shutter R,2021-07-28T00:24:48Z,40 haters doesn’t appreciate greatness.,0
rswc55,2021-07-28T00:10:32Z,@14:00 is just awesome.,0
Willem Johannes,2021-07-27T23:15:25Z,Seeing them shouting “let’s fucking go” from the sidelines got me hype,2
sean reilly,2021-07-27T22:37:09Z,"At this time you're growing the sport for who? answer : big brand sponsors, crit racing is not the pinnacle of cycling, just of crashing.",2
Paul Mc Carthy,2021-07-27T22:17:14Z,"I'm not crying, your crying. Great job Legion.",0
Austin Sympson,2021-07-27T22:05:00Z,Rapha do your duty and keep putting these videos up!,0
reginerd,2021-07-27T21:01:13Z,"I'm not crying, you are!",0
ALS News Now!,2021-07-27T20:42:53Z,"When your entire team is at the front in pro, and you sit up and decide which teammates win 20 yards from the line, i doubt my eyes. Lemond said it best..I trust nothing in pro cycling anymore. We've seen it. Last time the jerseys said US postal",2
Leo Perera Photography,2021-07-27T19:54:14Z,"Cory you got me all choked up Brah. Keep up the good work and Team Legion we Love you. We can see the good you are doing for cycling. There will always be haters thumbing down even if God came down from heaven. Thanks for the motivation and keep sharing your awesome races. Please come to Holland sometime, you have a lot of fans here!!!!!!!!!!!!",0
Nathan,2021-07-27T19:45:53Z,These guys and EF are making cycling exciting again.,0
Richard Buckle,2021-07-27T19:15:24Z,Inspirational - great job Legion 🤙🏻,0
jamaani,2021-07-27T19:11:26Z,Very good stuff. I love what you have created with this team. Love the positive attitude and just the vibe.  🤜🏾💪🏾,0
Alexander Sanne,2021-07-27T18:48:51Z,I honestly think that the only people that talk badly about legion are the ones who lose to them,0
Pete,2021-07-27T18:35:02Z,those races look so cool.,0
Jake Davidson,2021-07-27T18:28:48Z,Legion is indeed winning at life (and at bike races). Keep up the great work everyone!,1
DJcoachbombay,2021-07-27T17:35:04Z,"As always, fabulous storytelling Rapha. The soundtracks are always so good.",1
Bryan Bess,2021-07-27T17:10:26Z,"The courage it takes for Justin and Corey to break the robotic mold of professional cycling is truly inspiring. And that last anecdote from Corey really hit me hard - in the best way. Keep it up, gentlemen.",16
Adam Campbell,2021-07-27T16:56:45Z,'bout time more characters like Justin came to the fore in cycling. Good job LEGION and RAPHA too!,0
Bicycle_Ty,2021-07-27T16:41:50Z,These dudes opened up the flood gates... the black Seal is on the way said Paul Mooney,0
Wayne G,2021-07-27T15:50:15Z,I wish you guys still came to Charlotte.  It would be fun to watch you race.,0
REY THE CYCLIST,2021-07-27T15:19:30Z,From ph 🇵🇭,0
Rick Torano,2021-07-27T15:11:48Z,Ride On Godspeed Team Legion,0
Rob B,2021-07-27T14:09:23Z,"LOVE, LOVE, LOVE",0
Matt Kershaw,2021-07-27T14:00:49Z,God damn these people are amazing. Did not expect to be crying during a bike race video.,2
ridesantacruz,2021-07-27T13:41:03Z,Loved every moment of this.,0
Jon Poon,2021-07-27T13:32:58Z,This is the face of American cycling right here,0
James Carey,2021-07-27T13:31:50Z,The ship has sailed and the haters will be copycatting Legion soon enough.,10
Howard Parsons-Hewes,2021-07-27T12:57:09Z,"This is a totally innocent question, is all this crit beef in america for real? Kinda cringe if not. Exciting team to watch!",2
Evan Curran,2021-07-27T12:46:47Z,17:09 Matt Sheldon cameo lol,0
Lyndon Hudson,2021-07-27T12:43:56Z,Peace,0
Sawyer Ahbies Adventures SAA,2021-07-27T12:17:10Z,Respect.,0
Doofball3,2021-07-27T11:30:35Z,This really is inspiring. 🚴🏿‍♂️(I also thought the animated text was a nice touch-- I'm a design nerd).,1
Patrick Prouty,2021-07-27T11:19:59Z,Cory “nationsnumber1beast” Williams. Hope you always keeps your channel going.  I’ve been following Justin and Cory for a year now and I love the mission and watching the story and history being made.,0
Matthew Sargent,2021-07-27T10:49:16Z,Wow! Such a great film. Those Legion cyclist are so inspirational and their message is just so powerful. Heart wrenching moment at the end when he tells me about the two girls approaching him. Beautiful!,3
Phenton123,2021-07-27T10:39:27Z,fuck that was special!,0
Glen Bryan,2021-07-27T10:37:12Z,Motivational!!!!!!,0
Pete GOUGH,2021-07-27T10:03:25Z,Amazing…….,0
Joe Bob,2021-07-27T09:50:09Z,👏🏻👏🏽👏🏿 just beautiful,0
Jan Hlach,2021-07-27T08:47:10Z,Best of luck guys. You doing great job.,0
fraji1,2021-07-27T08:18:18Z,"PASSION FOR THE SPORT, PASSION FOR YOUR TEAM, PASSION FOR LIFE.........THE REST IS HISTORY.",0
Shalaskaja,2021-07-27T07:59:54Z,"I’d rather watch them on Netflix than seeing another season of moviestar falling apart, again. Such a great team - really enjoy every content they put out",73
Pyan Pyan Ishak,2021-07-27T07:47:35Z,I think jason derulo,0
Tony Bouphavong,2021-07-27T06:08:33Z,"Just got into cycling and fell in love with this team, wear Rapha because of them",0
Matt Delcomyn,2021-07-27T05:53:00Z,And thank you Rapha for this rad content!!!!,0
Matt Delcomyn,2021-07-27T05:52:29Z,Fantastic vid you guys. Super inspiring on so many levels. Please keep up the awesome work! The soul of the sport and so many young people need you!,0
James Maloney,2021-07-27T05:49:35Z,""It's just about hard work"".Best quote in the entire film.That's all anything should ever be about in life. Hard work. Nothing else matters. It shouldn't and this team is proving that. Chapeau.,0
Robert Loeber,2021-07-27T05:39:53Z,That was amazing to watch... I’m going to ride my bike.,0
Steve Lowe,2021-07-27T05:26:27Z,Such and epic video. Love this team.,0
Brenda H,2021-07-27T04:57:21Z,I love this entire team. You guys killed it at intelligentsia.,0
Road Yeti,2021-07-27T04:50:28Z,Life and Crits. In it to win it from the get go. GO L39ION,0
Chiro75,2021-07-27T04:40:54Z,"I must live under a rock, never really heard of this team or the Williamses, but my eyes are open now! Rad",2
Paul Sanchez,2021-07-27T04:26:01Z,Awesome,0
e pon,2021-07-27T04:23:21Z,Williams bros == dirty thug racers,0
JK,2021-07-27T04:23:07Z,"Wow that is so good! Such a cool video to see the behind the scenes and the emotions, even the shock of winning?! Like they're soooo good and still shocked when they win, that's crazy. This team is changing the game, doesn't matter what anyone else says or thinks, they are changing the game, for the better.",1
"Silver Pants, Blue.",2021-07-27T04:22:57Z,"complete roller coaster of emotions in this one. It started off and I was a little irritated and by the end I was crying. Good job on another fantastic film Rapha and best of luck to the L3gion team, you do you.",0
Jay TheGenty,2021-07-27T04:19:03Z,Just as my man shared his experience of the two little “black girls”that got me crying 😢 full of emotion down my spine.  Thanks 🙏🏾 guys you guys are Legend.,0
philandmik heard,2021-07-27T03:56:12Z,gee they take more things personal then Michael Jordan. who are all these people not giving them respect?!,2
Alex Ramirez,2021-07-27T03:54:09Z,"So bad ass!!! So much more respect for all of you (doubt there was more to give). There will always be controversy when going against the grain but you know the mission and the plan, glad you have a supporting team that has the same desires and determination to get there!",1
Stanislao German,2021-07-27T03:50:53Z,Great video made easy by a great story 💪🏾,0
Juan Carlos,2021-07-27T03:50:49Z,GOATED VIDEO SOOOO FIREE,0
Broken and Coastal,2021-07-27T03:44:04Z,Beautiful film. Incredible team. Fully inspired. Let's go!,0
Kyle Weck,2021-07-27T03:41:39Z,"Just fantastic. Can’t wait to see what this sport is like in a few years, they are making it awesome 🤘",1
Anak Ajaib,2021-07-27T03:36:44Z,U know u are true cyclist when u wear helmet at the cafe table,0
Patrick Reylara,2021-07-27T03:34:58Z,To say that this group of guys will change the world is an understatement. What an inspiration!,2
MartinMurilloMTB,2021-07-27T03:31:44Z,Cory WIlliams is just the man wow. He's super quiet and humble on social media and just seems like the coolest dude ever. Gotta love a champ that wears his heart on his sleeve. Hope to hear more of what he has to say.,7
Jan Luke,2021-07-27T03:19:18Z,"Don’t change a thing! (unless you decide to)Cory has really come into his own, it is so nice to see. Love what you two are doing, keep on keeping on. Go Legion!",0
TOflat,2021-07-27T03:11:05Z,Legion is the most important cycling team in a generation.,1
Emmanuel,2021-07-27T02:46:10Z,"God, that ending. Now I'm crying.",1
Patrick Lino,2021-07-27T02:43:37Z,I'm not crying...YOU'RE crying! 😭,7
Thepaytonb,2021-07-27T02:37:15Z,Love this!!! The Best “Gone Racing” video!!!,1
King Babo,2021-07-27T02:32:31Z,I think American riders are way stronger than UK riders we just don't have the money to step up and go for it,0
Tomashuuns,2021-07-27T02:23:34Z,Heck yeah!,0
Matt E,2021-07-27T02:20:29Z,"I'm not crying, YOU'RE crying!Seriously though, for all the unfortunate things the internet can bring, it also gives access to absolute gems out there and I'm glad I came across one of Corey's race videos years ago. So cool to see the change they're making. Keep it up!",0
James Walsh,2021-07-27T02:12:47Z,so rad!! Keeping ripping and inspiring!,0
Robert Lauber,2021-07-27T02:07:25Z,I hadn’t realized they were experiencing so much cultural opposition. It’s impossible for me to not be stoked for this squad. A rising tide lifts all ships; they’re reviving American cycling,3
flowlineproductions,2021-07-27T01:48:17Z,I'm not crying. You're crying. Legion is making fucking history y'all.,35
Alec Friend,2021-07-27T00:49:53Z,Cal Naughton Jr and Ricky Bobby  < Justin and Cory Williams,0
Brian Barnes,2021-07-27T00:26:23Z,What an amazing video capturing Legion at Tulsa. You can tell this team is truly a family. The ending with Cory was absolutely incredible capturing what this team is and what they are about.,4
JP Alipio,2021-07-27T00:26:16Z,Loooove this team!!,0
Blaine Pannell,2021-07-27T00:01:10Z,These guys are doing so much for the sport!,1
Louie Ballz,2021-07-26T23:56:00Z,"I'm emotional with you, Cory. I picked up cycling because I needed to lose weight (I was 305lbs) and it became life after seeing a few of your YT videos about 2 years ago. I'm currently about 210lbs and in the best shape of my life. Thank you and much love to the entire L39ion squad!",73
Josh Duarte,2021-07-26T23:53:05Z,Met them the other day in Chicago for the Intelligentsia Cup. I was too nervous to tell them how much I look up to them with everything they are about. Being a minority who never fit in where they live has always been tough. I would have never found this sport and love it so much if it wasn't for them. I hope I can be like them one day. I hope I get the chance to talk to them again one day.  L3gion rocks.,105
Aaron Hamlen,2021-07-26T23:52:44Z,Amazing Team - Legends In The Making - Let's Go,0
Avery OG,2021-07-26T23:41:16Z,"Legion making Cycling Great Again, motivational stuff here . I Love it",1
John Payne,2021-07-26T23:32:06Z,Sensational. Winning at life.....,0
rj zeph,2021-07-26T23:25:32Z,Like they you have to beat the best to be the best,0
Eric Nghiem,2021-07-26T23:24:48Z,"It's epic seeing Legion really show a massive show of diversity and cohesiveness in American cycling. Sure there is #critbeef in the microcosm of Socal criti cycling, but what the Williams brothers and the rest of the team is doing is transcending that.",7
Lucas Azambuja,2021-07-26T23:14:37Z,2:45 eww,1
Dylan Endicott,2021-07-26T23:07:29Z,OHHH HELL YEAAAHH,0
Greg Honor,2021-07-26T22:49:02Z,I wish ESPN would pick up a season of Crit Racing to test the waters.  I've been watching Nationsnumber1beast and NorCal Cycling and they are now in my rotation.  I'm starting to know all the teams.  Thanks Rapha!,3
Xavier Tirado,2021-07-26T22:33:58Z,That's by far the best thing happening in 2021 Legion making cycling better and fun so real the team is going far ! Lets go !,1
Ronan Kelly,2021-07-26T22:26:23Z,"This is exactly what sport and teamwork is about. As the video describes, it’s so hard to articulate the impact they’re having and will have. These guys could teach everyone a lesson.",0
Uplift Photography,2021-07-26T22:24:25Z,Keep up the fantastic work and thanks for making a difference in this sport.,0
Xposed2thereal,2021-07-26T22:22:31Z,💪🏿💪🏿💪🏿,0
Stuart's Few,2021-07-26T22:21:21Z,Inspirational 💪🏻,0
Leonard Willingham,2021-07-26T22:16:06Z,""W' in Life is Winning.,0
The Mitten Man,2021-07-26T21:54:08Z,"Great story! But, how is any of what Legion is doing controversial? Y'all seem to be doing it the right way - keep going!",3
Wes Cheslak,2021-07-26T21:46:45Z,Winning at Life,0
PascallionStallion,2021-07-26T20:54:53Z,would like to see them on the giro or tour!,0
Alex Gomez,2021-07-26T20:50:56Z,I got the GREAT pleasure of meeting the L39ION team. Justin and Cory are really Genuine nice people who care about welcoming EVERYONE to the sport of cycling. My love of cycling grew after meeting them. #WiningAtLife,4
Kenny Allen,2021-07-26T20:50:23Z,"For real, ""Legion"" should be pronounced ""legend"" - soften the ""e"" - Legends!",11
michaeladamou,2021-07-26T20:11:58Z,Absolutely fantastic. Keep doing what your doing 👏🏼👏🏼👏🏼👏🏼👏🏼,0
Mat Skelton,2021-07-26T20:11:13Z,Pure human gold ❤️,0
atmo,2021-07-26T20:08:07Z,Legion is what's going to get American millennials and Gen-Z into cycling. They perform in races and look dope as hell.,40
Jim Mak,2021-07-26T20:07:47Z,So inspiring.  ""Winning at life..."",1
ted n ruth,2021-07-26T20:03:44Z,""Winning at life "" 😊,0
CaymanianChest TV!,2021-07-26T20:02:49Z,"I really do appreciate what these guys are doing for the sport of cycling, We need more teams and people like them. Well done guys!",3
Janet Jones,2021-07-26T20:02:35Z,This. Changes. Everything.,21
stuarty,2021-07-26T20:00:42Z,24:00 <3 this so much. Keep doing what you guys are doing. We need it.,19
Sean Burkey,2021-07-26T19:54:55Z,Tried to like this video a couple more times but it wouldn't let me. Well done!,12
Policeman,2021-07-26T19:49:15Z,Awesome team and film. Hope Legion do a few races in Europe in the future,8
Juan C. Munoz,2021-07-26T19:47:38Z,AWESSSOME !!!!!!,0
Chris Franks,2021-07-26T19:46:33Z,Funny to see the Eliel logos all over their jerseys on a Rapha film,3
Anthony,2021-07-26T19:45:23Z,"Incredible, these guys motivated me during lockdown to get back on a bike, I'm 36 and hadn't ridden since I was around 18. I now ride every chance I get, clocking up around 250k a week. I have fallen in love with their idea of what cycling should be, and I thank you guys for changing my life for the better!!",114
GURU IMC,2021-07-26T19:40:21Z,"WOW, well thats the first cycling vid that made me tear up",38
Herb Brown,2021-07-26T19:40:08Z,Got to be in Tulsa for this ...Great Time!,3
Chris C,2021-07-26T19:37:02Z,"""We're winning at life"" Hell, yeah. (Who is cutting onions in here?)",277
Raymond Brathwaite,2021-07-26T19:34:44Z,Someone cutting onions at the ending...sniff sniff 😢😭,0
Owain Zerilli,2021-07-26T19:34:03Z,Will there be a new Builder's Tea album dropping soon? Need more of the Rapha tracks!,6
Marius Kunz,2021-07-26T19:33:17Z,<3,0
Paulo Brutus,2021-07-26T19:32:48Z,U are all legends 👊🏽❤️💫👏🏽🙌🏽So happy to be witnessing the fruits of your labour.,2
Bryan Wierzchucki,2021-07-26T19:29:03Z,Chino Crit Practice making a strong cameo appearance!!!,9
vurbmoto,2021-07-26T17:11:25Z,Yeww! What an epic team AND race.,64
CycoWarriorx,2021-07-25T09:22:27Z,"“When people start running their mouths…"" - Justin Williams… exactly… you wanna poke the bear, cool, don’t cry when the bear comes for you…",12
Carl Cañada,2021-07-25T04:01:32Z,I'M SO PROUD FOR THE TEAM LEGION!!! 🦁🔥,4
qualitesportiva,2021-07-23T23:00:31Z,hell yeah!! LEGION the best!!,8
