원길튜브,2021-05-17T08:49:35Z,국뽕지렸다,0
Scott Bert,2021-05-14T08:14:09Z,That was really well put.,0
hatenga,2020-04-26T18:05:31Z,Han river always shining,1
Pengclub,2019-03-12T04:39:47Z,"Everytime I went there, it was Winter.. i should visit Seoul in the spring time.. it looks beautiful",2
M1N9,2019-01-07T07:54:50Z,라면광고인줄,1
Hyeonseok Cho,2018-06-11T10:05:51Z,anyone know the title of this background music? the one with the cello sound in it..,0
Alex Wu,2017-10-30T02:49:18Z,When is the Taipei episode coming?,1
Alex Jordan,2017-08-27T18:01:14Z,@Rapha Who is the director of this film? Thanks,0
あめまあめま,2017-06-22T13:59:05Z,ラーメンうまそう！,1
BreezeBlowingOnMe,2017-05-23T04:48:18Z,"서울은 언제쯤 나오려나,,, 나오긴하려나 은근히 기대했었는데 드디어 나왔군요!!! 짧지만 서울에서 라이딩의 핵심적인 요소들을 잘 담아내었습니다. 잘 보고 갑니다!",1
Mirah,2017-05-23T04:01:35Z,"if you overcome PM2.5 & laziness, seoul is attractive place to ride",4
zZongnam김종남,2017-05-23T03:56:41Z,라파 공식영상에 서울이 소개되니 정말 자랑스럽습니다~ 박감독님과 배우분들 수고하셨습니다.,4
Michael Seo,2017-05-23T02:40:07Z,I'll be in Seoul at the end of June. I'm hoping to find a bike shop to rent a bike.  Anyone know of a shop to rent from?,4
Jack Wood,2017-05-22T20:28:53Z,"Great film that brings back some fantastic memories of my time cycling in and around Seoul. I would whole heartedly recommend a bike-centric visit to Seoul, and the rest of Korea for that matter, to all cylists. There are so many lung busting climbs in beautiful wooded mountains to be had right on the doorstep of this amazing city, even within the boundaries of the city itself on Bugaksan. Take a trip to Seoul and toast your riding with a makgeolli, you won't regret it.",15
Kaze701,2017-05-22T15:18:18Z,잘 봤습니다!,0
아작탄,2017-05-22T14:16:04Z,너무 좋네요,0
Hank Kim,2017-05-22T13:51:21Z,WOW!!! COOoooO~~~L~~~ !!,0
