Steven Mcfarlane,2022-12-10T23:14:34Z,"Cycling, whisky, food , music and bass guitar. My passions. Jaco Pastorius at 2.26. Love it 🥃🏴󠁧󠁢󠁳󠁣󠁴󠁿👍",0
Alexander Novicov,2022-10-11T11:19:44Z,I'm new to cycling and I'm new to Rapha and I can say I starting to like more and more the brand. Well done to the team. I love my new Rapha Gear,1
Mr LIFETIME,2022-08-23T20:59:35Z,i can’t help but wonder if the earlier members of rapha cc feel that the soul of the brand has diminished since they sold most of the company to Walmart brothers a few years ago,0
rube3k,2022-03-30T21:07:54Z,Ffs. Just take my damn money.,1
breathestrongcycling,2022-03-01T01:27:22Z,"Sad to see that such a focused, innovative and unique company has now become a confused directionless mess ....",0
Rolf Fuchs,2021-12-23T14:17:57Z,And now (2022) Simon is no longer CEO. I hope the spirit will carry on. I start my festive 500 tomorrow.,0
tutelarius,2021-10-02T09:49:02Z,2:00 - bought my first Rapha products from Condor.,0
victorsentme,2021-09-03T20:27:50Z,"What specifically is the Why though? Didn’t here it expressly articulated. Was it “Make people’s lives better when they really get into it.”?Can see the How and the What, but want to understand my gap.",0
BASE,2021-07-18T12:01:41Z,So good!,0
Catálogo de Fantasmas,2021-06-28T20:59:05Z,"El Jardinerito, the little gardener. I remember listening to the radio broadcast of Carlos Arturo Rueda C. narrating the feat of Lucho Herrera in the Tour de France. July 13, 1985.",1
Mr.marcos torres,2021-06-11T13:27:52Z,"Amo Rapha, saludos desde Medellín Colombia.....",0
Sills71,2021-06-06T01:11:47Z,Aspirational sport = rich douche bags,0
De Cnijf Kris,2021-04-10T09:32:17Z,"very good, stylish",0
Taylor Squillaci,2020-06-20T20:13:48Z,You guys can poop in your expensive caps and then wear them,1
Night-ym-,2020-04-11T19:17:57Z,"Can’t afford to drive. I’ve heard that one before. If it wasn’t for cycling, I would be dead by now. ❤️ cycling",0
niko sanz,2020-02-20T16:17:34Z,I want to become part of the club and also share my story of being cyclist in the Philippines X Commuter.,1
Christian M.,2019-06-27T19:39:45Z,You are talking about experience. I have a suggestion for all rapha guys. Go through the online repair process with an iPad. Have fun. That experience you won‘t miss.,0
Nicolas Colombo,2019-05-19T18:17:54Z,Would be good to feature more riders wearing a helmet....,4
Ivan C A,2019-04-30T19:52:25Z,"Me ha encantado el vídeo, me encanta la ropa Rapha, seguid así.",0
zeuszuki,2019-04-19T20:55:57Z,Generation hipster 😴,2
alexander cruz,2019-04-13T13:55:24Z,"Bello e inspirador su trabajo... un poco más en español... que no todos hablamos otros idiomas, aunque nuestro lenguaje es la bici",1
Diego R. Joubert,2018-11-03T18:27:51Z,I WANT THAT!!!!!!!! 2:24,0
pervertt,2018-02-08T12:15:32Z,Shame that a video like this only brings out the knockers and safety nazis. Why don't they wear helmets. Why is the gear so expensive. Companies like Rapha have raised the profile of cycling and showed there is more to it than sport or commuting. If they happen to make shitload of money along the way then good luck to them. I don't own a single Rapha product but harbour no envy or judgemental condescension to those who do.,5
Jennifer Sommer,2017-11-28T23:22:14Z,how do they film some of those biking shots? they're so steady!,2
Caleb Kramer,2017-11-19T06:06:08Z,🔥🔥🔥🔥🔥🔥,0
Oreo Carlton,2017-09-12T10:27:36Z,Brilliant clothing but so pretentious and yuppieish,6
year in golf,2017-06-26T08:34:25Z,i have 3 rules in life . 1. i only drive mercedes 2. i only date models 3. i only wear rapha.,21
Manuel Torres,2017-05-14T00:08:33Z,"So much bullshit in just one video, GREAT.",0
ned,2017-05-07T05:18:31Z,"I love rapha :) beautiful products, amazing company.",4
andrew reid,2017-04-04T03:02:52Z,WHY did team sky move to castelli?,0
Mirko Bruner,2017-03-31T11:30:07Z,Cant afford to drive a car. Seriously. I should spend my annual salary to buy one of your jackets.,13
Sergio Sicard,2017-02-19T15:25:37Z,Are you planning to release something based on ""el jardinerito""?,0
maultx,2017-02-16T13:23:36Z,your work is exceptional  Simon,1
Jeremy Boaz Tampubolon,2017-01-24T13:47:04Z,"there are yowamushi pedal figurines, Im surprised 2:23",1
Yann Nguyen,2017-01-20T18:48:55Z,An history .... made in China ....,9
Jack42Frost,2017-01-16T10:53:44Z,What do you do? I have no idea what this video is about...,3
Finlay Burrage,2017-01-13T00:42:12Z,love this.,0
Keagan De Villiers,2017-01-12T21:20:52Z,WHY are so many people riding without helmets?!,18
gcgizbourn,2017-01-12T14:19:17Z,"Grt Vid, Super product, awesome ethos. Was it a conscious decision to allow so many cyclists not wear helmets. It's not a criticism just an observation.",0
BIGD_OSpinner,2017-01-11T04:08:49Z,"Boñita, like all of the Rapha films...",1
House of ill Review,2017-01-10T22:58:34Z,"Rapha is serious Rapha is stern, squinting and grimace, Rapha WAS BORN!!! Rapha is EPIC, fancy and nice, but Rapha demands the ULTIMATE  price (eternal misery) Rapha hates logos, bright colors and helmets, until they made one and now they can sell it Now everyone out there on the Fred path, will use Rapha ""post ride butt cream"" ($49) , when they take a bath  Now see this look from other bike brands OH you still want to suffer but you can't understand Why pay so much to ride your bike, to feel great pains but look just so right You sold your soul the the Rapha aesthetic and now a 2017 in matte black,,,, yeh you'll need to get it Hmmm how much is this gonna cost me? I need this full look, this brand represents me! Well all of these stripes and this obsession with pink? It costs your whole wallet, probably more than you think Just remember never EVER to smile, and being happy? That would ruin the style",3
Cédric Legrand,2017-01-10T17:34:02Z,Is it on purpose that nobody has a helmet ?,17
Adrian Garcia Alonso,2017-01-10T12:38:37Z,"Spain, think about Spain. Here in Asturias, north coast. Full of enthusasts of cycling and Rapha culture. Most beautiful road you've ever imagin. Thousands of cyclists. Try with a pop up store or somethig. Here I am to help with whatever you may need.",1
Josh Edwards,2017-01-10T06:41:37Z,This was a brilliant little film that's introduced me to an interesting brand for the first time! Job well done,21
Bryce Sestich,2017-01-09T11:08:48Z,Love the line ""that's what the innovator says to themselves as well"",5
German Londoño,2017-01-08T22:12:37Z,Lovely to see Lucho Herrera there as an inspiration at 1:33. Cheers from Colombia.,1
Medium Rick,2017-01-08T21:36:05Z,Paying twice as much for a garment doesn't make my cycling experience any better.  It doesn't make me push myself any harder or go any faster.  It just leaves me with less money in my wallet that could be better spent on other cycling related needs.,39
Doubletrackfanatic,2017-01-08T18:39:03Z,The best why in the world.Class.,0
Tommi Kivimäki,2017-01-08T18:37:03Z,Brilliant story of why. My view is that every ride is an adventure. After I watched this I thought that your business is an adventure just like cycling itself.,6
Franky Fung,2017-01-08T17:01:44Z,i wish rapha had club house in Hong Kong,2
41doc,2017-01-08T01:36:06Z,This channel is AMAZING!!!! THANK YOU!!!,1
tomdemerly,2017-01-07T19:13:43Z,I love you guys. Thank you for a fresh voice.,0
Mark Cooper,2017-01-06T23:05:06Z,Derbyshire needs a clubhouse 👍,1
Richard,2017-01-05T06:47:38Z,Shame the cyclist in your video aren't wearing helmets.. Very poor PR for Rapha.,9
MoeMoneyrunstheWORLD,2017-01-03T04:59:53Z,Someone been watching Simon sinek ,1
Bad Levi,2017-01-02T09:46:44Z,i wish we have Rapha™ here in the philippines :),4
SurlySteve1,2017-01-01T23:44:48Z,"2.25 picture of Jaco. Class. Another good video, cheers",0
JasLeGoff,2017-01-01T18:25:41Z,Nice.,0
Juan Muñoz Díaz,2017-01-01T17:13:08Z,Rapha/SImon How can you make Rapha commercialize in Chile? Happy 2017!,0
Craig Tate,2017-01-01T16:29:52Z,Rapha/SImon are you planning to open a Rapha club shop in Yorkshire?!  Cheers!,3
Mani Matter,2017-01-01T15:51:47Z,Rapha - nothing else,1
NickolasRad,2017-01-01T15:31:27Z,i wish rapha had club house in Ukraine,0
