G,2022-11-20T09:31:08Z,"Higuita.. not champion material. Who follows a staff vehicle and loses sight of the racepath when only100m from the finish line? I'll tell you who, a 2nd place rider.",0
monrezee,2020-11-24T22:01:39Z,Lachlan Morton is Bad Ass,0
Alejandro,2020-11-23T15:23:17Z,El monster Higuita!!!!!,0
tony lochner,2020-04-24T11:07:37Z,"Well done guys, I was looking how you two would have done at th Epic. You all are an great team !",0
S G,2020-04-17T08:02:30Z,Why are these so short?!? Gimme and hr of this.,2
g gomez,2019-09-13T17:27:58Z,"Rigo empieza a mojar con champaña a los compañeros y el se esconde rápido para que no le mojen, ahí esta pintado ajajaja  :)  xD   -que gran equipo viva Colombia ♥",0
Scholz,2019-07-06T16:49:06Z,Where Can i Buy this glases and the hoodie at 5:00 ?? 🤔,0
Jack,2019-05-25T07:01:29Z,Where’s Harry? We need more Harry!,0
Jorge Trives,2019-05-24T21:32:55Z,Vaya dos corredorazos de futuro que tiene education...luis felipe y higuita...,2
Jim Schwarzherz,2019-05-23T16:37:38Z,Take him to the tour!!!,1
darbuthnott,2019-05-23T08:28:16Z,""Fucking hell Cav!"",0
Acosta Boulder,2019-05-23T03:42:16Z,"What Rigo has done for Colombian cycling is gonna be turned into a movie someday! In my opinion, Rigo showed all these guys how to improve their lives by riding a bike. Truly remarkable! Can we all just start calling Higuita the ""Teddy Bear"" as Lachlan Morton called him? The Moster doesn't fit him :) Colombia Tierra Querida!",3
Maria Clara Pinzón Rincón,2019-05-23T01:00:43Z,Gracias!! Excelente 🤩🚲🇨🇴,0
Humberto Gamarra Jr.,2019-05-22T21:24:43Z,EF keep the Colombians!!!!!!They will make you win races.,11
Alexander rofriguez,2019-05-22T17:03:02Z,No que lastima atacó mucho antes y de frente  tenia que regularse.,0
Alexander rofriguez,2019-05-22T17:01:01Z,"Excelente higuita , excelente Martínez  buen orgullo colombiano!!!!",1
Edwin Marín,2019-05-22T03:11:44Z,Grande Sergio! Amazing rider!,2
camilom3,2019-05-22T02:57:10Z,"Great video. Very exciting final climb, I was on edge watching it. So excited to see how far Higuita can get.",6
Timothy Topor,2019-05-21T20:28:38Z,soo soo good.. #anotherone,0
Carlos Almendárez,2019-05-21T19:47:23Z,Glad to see Higuita do so well. Vamos Colombia! Also happy to see EF take the team win. Unfortunate about Tejay. Would have loved to see Tejay and Higuita as 1/2 or 2/1.,0
Daniel M,2019-05-21T19:07:38Z,"de Medellin para el mundo, si señor.",1
Jrg Gtn,2019-05-21T18:38:35Z,Thank you EF for trusting Colombian cyclists! Vamos Sergio! Que el cielo es el límite!,25
1777DK,2019-05-21T17:09:06Z,Third place with a puncture. Respect! ✊,3
Fellusch,2019-05-21T16:59:07Z,Yes! Day saved... thank you Mediateam!,2
Miguel Barreto,2019-05-21T16:24:45Z,"That Sportive Director Fucked up sending Uran to pace TJ.... He should have allowed rigo to stay with Sergio, this way he will help him keep it cool and ready for a good attack in the last KM and not 3 Kms before...",11
Patricia Gonzales,2019-05-21T16:16:28Z,👏👏👏👏👏,0
Daniel Sparkes,2019-05-21T16:07:35Z,"Keep these videos coming please, so well put together!",3
