Lm Ao,2020-06-24T15:58:56Z,SIKE! Ain't happening,1
PACEUK22,2020-05-05T12:56:47Z,Hope we still get to see some of these events once the pandemic has settled down. These are the best cycling vids out there,1
ydnar,2020-04-28T19:48:40Z,What a season that never was. Here is hoping in 2021 The team will Ride  these races.,0
Lee Hanyo,2020-04-01T02:25:06Z,Lachlan should do the Tour Divide,0
Chris Blanchard,2020-03-29T13:36:35Z,No racing now. It’s going to be awhile before we see any racing in 2020 unfortunately. Covid-19,0
Tomasz Morawski,2020-03-21T11:05:44Z,Alternative version of alternative calendar: Coronavirus </3,1
Lars Strong,2020-03-09T20:59:13Z,"Hello!, Do you know about the Rio Grand Gravel Grinder, 116 mile race May 30th. https://www.riograndegrinder.com/ So much love for what you are doing as a team and the intention behind the Gone Racing series.",0
Matthew Williams,2020-03-02T15:31:53Z,Tulsa Tough!!,0
Frits dK,2020-03-02T01:42:06Z,"You guys are sooooo inspiring, WOW!!!",0
Joshua Jubb,2020-01-27T17:46:47Z,This is the most important cycling content on Youtube. So glad it's back for 2020. Such good vibes.,0
WrightRSE,2020-01-25T19:15:22Z,"Yes!!! Keep it coming guys, this is what riding bikes is supposed to be about!",0
bMMflash,2020-01-24T02:40:42Z,"Unfortunately Strickland is not racing for EF in 2020. He's sponsored by Rapha though, so they will be featuring him in some Gone Racing content.Strickland did get an offer from EF, but he would have to forgo his current personal sponsorships in favor of a one year entry-level World Tour salary. He said it's not worth the risk considering it's taken him years to curate the sponsors he has at the moment.",0
Michiel Nooren,2020-01-23T17:28:57Z,So looking forward to these videos!,0
Wes Craiglow,2020-01-23T04:52:42Z,NWA. The dark horse. Can't wait for millions to see it. #BigSugar,0
Conor Dancy,2020-01-23T02:15:10Z,Wait hol' up. Colin Strickland???,0
LUIS FERNANDO GARRIDO,2020-01-22T17:39:47Z,ALTERNATIVE. SÍ  POR FAVOR,0
BroBro Zoeller,2020-01-22T14:03:47Z,I’m super psyched to flow with this content bro!,0
Nick Geddes,2020-01-22T10:02:55Z,Some of the best 2019 content. Great that it’s continuing.,0
Adolfo Gonzalez,2020-01-21T19:00:09Z,OMFG - Did I just see Colin Strickland's name at the end?!,0
Philip Nelson,2020-01-21T15:51:49Z,Love all the Northwest Arkansas footage! Can't wait to see you guys at the Big Sugar! 🤘,3
JaviLD,2020-01-20T15:55:20Z,Excited about this dropping soon!,0
Chris Elkin,2020-01-19T21:18:27Z,What happened to the Vietnam video.,0
Richard Young,2020-01-19T18:23:48Z,"Bring on team EF and the Cape Epic, who's riding it???",4
Rich Cain,2020-01-19T05:48:53Z,Yes! So looking forward to this.,0
Noah,2020-01-18T23:21:18Z,Yeah buddy! Can't wait. 👍,0
Andrew Baldwin,2020-01-18T22:16:08Z,"Great races, great videos. Psyched to follow this season!",0
Ian Neilson,2020-01-18T20:49:47Z,Stoked.,0
Adam Williams,2020-01-18T18:14:46Z,Loved the 2019 vids looking forward to 2020,1
Mark Robinson,2020-01-18T10:58:07Z,Cannot wait,0
Brenda Vane,2020-01-18T08:48:49Z,"Great videos last year, cannot wait to see more.",0
Rudi H,2020-01-18T04:46:34Z,Good Job JV and crew. Continues to be one of the most unique and stand out team in the pro peloton. Exciting stuff. Also super pumped for the steamboat gravel!!!,0
jlouis102000,2020-01-18T03:17:51Z,Fantastic. Happy Rapha is also supporting the alternate racing calendar.,0
Luis Arroyo,2020-01-18T02:11:09Z,LOVE IT!!!  Can’t wait.  Woo whoo!,1
Richard T. Rogers,2020-01-18T01:12:23Z,Love this series so much.,1
Imran Shaikh,2020-01-18T01:10:54Z,I’m jacked,0
ydnar,2020-01-18T00:23:32Z,The support gained from totally diving head first into the cycling world alternative  aspect can't be quantified. This team of riders and film crew are pulling in the best there is in cycling.  Thanks ahead of a Great New Year of inspiration.,0
Jan-Niklas Jünger,2020-01-17T23:42:44Z,E X C I T E D,0
Billy Mantani,2020-01-17T23:29:45Z,I seriously cannot wait for this!,0
Murray,2020-01-17T22:16:25Z,Best news ever!!! Absolutely obsessed with these alternative races.,4
Gravel Chef,2020-01-17T22:04:07Z,"My fav team, love alternative race program....",0
Nate Cordova,2020-01-17T21:41:31Z,The hype is so real,0
Ryan Docena,2020-01-17T21:03:49Z,Now that's a bike season! Great job guys!,0
JROCKG23,2020-01-17T20:49:15Z,🤘,0
Attercop,2020-01-17T20:39:50Z,Hell yes! I am AAMPED!,0
ridegradient,2020-01-17T19:54:35Z,"Just read an article about Colin turning down EF, but his name is in the list of riders?",2
Will Masterman,2020-01-17T19:44:37Z,"Yes, so psyched that they’re continuing the alternative calendar",24
TheKawaiian,2020-01-17T19:43:02Z,Vamos Rigo!!!!!!,1
Gareth Helliwell,2020-01-17T19:32:43Z,Can't wait to see what 2020 has in store. Last year's gone racing was probably the best cycling content uploaded to YouTube.,7
Jowen,2020-01-17T18:58:20Z,"couldn't care less about the world tour or road races, but the alternative calendar was a series i thoroughly enjoyed in 2019, really looking forward to the 2020 offering",1
broadfjord,2020-01-17T18:54:54Z,Colin Strickland????!!!!!,22
Ian Price,2020-01-17T18:49:14Z,Tour Divide 2020?,0
Tom Collins,2020-01-17T18:35:41Z,"YES!!!! I watched every one of these last year and they are truly amazing! Great footage, great interaction from the riders and amazing insight! Really excited for 2020!",1
Robertthebloke,2020-01-17T18:34:13Z,Coolest team on the World Tour.,66
Gary Onnen,2020-01-17T18:23:42Z,Yaaaaaaaaay,1
Ryan Sage,2020-01-17T18:22:49Z,When ever I watch these videos I instantly want to go ride! Keep 'em coming!,17
Kevin Duke,2020-01-17T18:19:20Z,One...,1
