Ryan ,2021-06-05T05:04:30Z,Love that moots,1
カサカサ,2018-12-02T14:47:01Z,1:57,0
Eddie Jack,2018-08-31T09:25:52Z,Superb.,0
jfafactory777,2018-04-27T13:01:34Z,辻さんだ！！！,1
a h,2018-01-08T02:51:40Z,"does anybody know what specific parts of Osaka this man is riding through? visiting in six months and would like to know, thanks",1
Simon Rano,2017-11-02T12:25:47Z,"Including unsponsored rock star of cycling Peter Sagan, a guy riding with no helmet or with a one nobody can afford.... Rapha as usual..",0
Emmanuel Marquez,2017-11-01T17:42:51Z,love the concept!!!,0
ムリドン・ムリーヤ,2017-10-31T14:38:06Z,辻綮さん！,2
Paul Brookshire,2017-10-31T02:28:49Z,Edits much too fast. No time to enjoy images and read subtitles. You totally missed the feeling of Japan.,7
渡辺ぇ,2017-10-29T04:39:13Z,no helmet,1
Dave K,2017-10-28T08:25:34Z,Who is the crafts man?,1
Johe Videos,2017-10-27T02:38:54Z,what is the name og that photographer?,2
Sam Zam,2017-10-27T01:15:23Z,Can we please detail on the911!!!,2
S Ward,2017-10-26T20:13:38Z,なつかし！！！,0
NimblyBimbly,2017-10-26T17:33:50Z,Great video.  A quick note:  Subtitles seem much easier to read when there is a moment between each different subtitle.  It allows the viewer to enjoy the video and receive the cue to read the new subtitle when it appears rather than continuously checking to see if the text has changed.,10
Movieを置きにいくチャンネル,2017-10-26T14:49:18Z,いいですねえ、,2
RACER RINALDO,2017-10-26T13:48:52Z,日本人で見てる人おらんの？いたらコメントしてー！,6
sou sou,2017-10-26T13:46:36Z,i live in TOKYO!,0
Mani Matter,2017-10-26T13:37:38Z,Love it,1
merida extreme 903,2017-10-26T13:33:36Z,Uuuuuu,0
