Sadia Saboor,2020-10-28T13:42:17Z,and also this https://www.youtube.com/watch?v=JNmSURr-3tY,0
Sadia Saboor,2020-10-28T13:40:57Z,save this web and please copy the link https://www.youtube.com/watch?v=aINoBi1y0MA,0
Sadia Saboor,2020-10-28T13:39:39Z,if you will do so you know how to balance,0
Sadia Saboor,2020-10-28T13:38:52Z,i love your vids please subscribe with notifications and like the videos of this is channel Rapha Films,0
Paul Van der Vliet,2016-11-23T17:06:43Z,Will there be an update on ascents soon? I'm looking for a trip of this sort but unfortunately the 2 that are available are both placed on dates that are difficult for me.,0
Mani Matter,2016-11-23T16:15:27Z,*_thank you for this video_*,1
