Brandton Webb,2020-04-08T14:43:16Z,Rapha never in stock collection,0
Naren,2019-07-20T06:05:14Z,What's the song name??,2
concurseir8,2019-05-20T02:30:32Z,High quality .,0
whoshootya,2019-05-10T19:47:46Z,With that aero shirt I’m much faster at my fridge... who the hell wites the storyboards for your commercials? Should be fired and sent to Monsanto... there he can’t make anything wrong 😁,0
송인식,2019-05-10T14:00:26Z,fastest jergey!👍,1
Junaid Ibrahim,2019-05-10T13:58:19Z,Dont need to be aero indoors 😆,14
Stoffendous,2019-05-10T12:49:44Z,Slick video! :),0
