Tom Williamson,2023-01-02T22:35:58Z,"Love all these films. Just something about them.I do get a bit frustrated with all the “oh I’m so laid back about cycling” thing. No di2 charger on a trip like this? I’d probably call BS on that.Anyway, really enjoyed this and thanks for showing the extreme Canada. Hope there is more to come in the future.",0
firsthippy,2022-11-24T23:03:05Z,"@raphafilms Sami's name is misspelled in the film blurb. Sauri not Saudi. Now, on with the show!",0
Ari Lehman,2022-10-29T21:17:29Z,Please invite Juliana Buhring to your next Rapha Films long distance ride. She was in the ""Inspired to Ride"" film with the late great Mike Hall.,0
David Jante,2022-10-27T23:46:37Z,Really resonated with Gus' realization of the lack of empathy in riding,0
Robert Markle,2022-01-24T13:17:18Z,This is the second cycling video/trip I’ve seen that the same person has knee issues that effect the group! Perhaps that person needs to reevaluate their distance goals?,0
Gravel Pack,2021-11-27T20:41:21Z,Journeys about people not performance I freaking love it,0
Sb Sb,2021-10-31T09:08:21Z,Disc brakes ruined the look and the aerodynamic of the bicycles. 😞,1
Sb Sb,2021-10-31T00:05:04Z,"On a long trip, use flat pedals to prevent from getting knee injuries. Clip in pedals are just to prevent slippage, they are not more efficient. Flat pedals are better in most situation, unless you are going racing.",1
maconSTUFF,2021-10-27T07:49:37Z,Oh how I long for a trip like this... Nice one Dan... greetings from Namibia!,0
Peter Vollers,2021-10-17T21:41:37Z,Love love love how you guys thoroughly and authentically connect w local people along the way.  Just so rad.,0
Rich Ross,2021-09-29T01:12:40Z,"The film is awesome, inspiring, etc....  But, the soundtrack.  Love it!",0
Sills71,2021-09-23T10:21:54Z,Gus...   ""there is no right way to ride a bike""...   WRONG....  THERE IS NO WRONG WAY TO RIDE A BIKE...,0
blutch222,2021-06-19T13:43:10Z,What did the car carry for them?,0
Nigel Coelho,2021-05-27T08:42:04Z,Great film! Love that shit 👍,0
Kumiss Penashue,2021-05-04T03:01:56Z,"I’m from Sheshatshiu, across the River from North West River, I remember in the late 2000’s, my dad and I met a bicyclist on the highway between Churchill Falls and Goose, he biked all the way from New York, my dad invited him to our house for supper. I can’t remember his name, but he wanted to cook supper, so my mom said okay and then he took out his dirty, dusty bag of vegetables lol, after my mom seen the bag, she told him to use the our fresh vegetables instead. After supper, he asked my dad where he could get some “green”, my dad took out his stash and they both got high that day lol, he had website documenting his travels but I can’t remember it",0
Alex,2021-04-26T22:19:46Z,Love these videos. constantly got a grin on my face while watching.,0
Ciclista del Sur,2021-04-17T23:12:51Z,what's the son in the intro scene? the guitar solo...,0
TheSimpleCommenter,2021-04-11T11:46:04Z,Racing is not for everyone. Enjoy the ride. Ride your own pace.,0
Chris Weeks,2021-04-07T01:22:32Z,Yes by,0
The Adventures of Grenville (Melonseed Skiff #496),2021-03-27T04:54:04Z,Two thumbs up and well done from a beginning cyclist in Montreal. Unique perspective on a special part of Canada. Thanks and Hold Fast!,0
june cadarao tv,2021-03-02T17:03:41Z,"awesome bike ,",0
Bear,2021-03-01T09:51:14Z,I cant find the xtc slr 2 on their UK website is it just called the xtc slr 29 now?,0
Red Doe,2021-02-17T07:28:23Z,props for her to ride with the boys,1
Thomas Johnson,2021-02-15T17:41:07Z,When he was offered Whiskey an Sausages on the side of the Road And Accept He WON  the Internet in my book.,0
Helmi Wijaya,2021-01-31T08:27:57Z,deserves more views,0
Pat briggs,2021-01-17T19:04:04Z,"I had to laugh when he said, I’m 35 and at the end of my cycling career 🤣😂🤣😂, what, it’s not even started yet. There’s guys 70, 80 and still competing.  Hence I turned this off. They’ve no idea",0
Kevin McAteer,2021-01-16T01:34:20Z,Do these guys put anyone else to sleep!?,0
Neri Garcia,2021-01-14T18:04:23Z,The intro scene is awesome. I like the juxtposition.,1
Mark Flolid,2020-12-28T04:58:38Z,"Nice start in Boulder. You should just ride the GravelRado with me, Boulder to CB. All gravel, high mountains on the old railroad beds.",2
P J,2020-12-26T15:42:06Z,Gus needs to tighten his helmet strap properly.,0
Leks,2020-12-26T13:31:50Z,This is so beautiful and well done! You guys rocked it <3,1
Richard*,2020-12-22T04:55:51Z,(new subscriber). Rapha Films...Man U make some of theeeee best vids ....so fucken awesome......thank you...,0
bagafatcat669,2020-11-12T12:25:57Z,""you ll never make it"",0
Ryan ,2020-11-11T00:54:43Z,Thank you for showing a part of my country I don't often think about,1
Brian Lam,2020-10-26T18:47:24Z,"Ha ha, editing staff, why are they riding backwards at the beginning of the video?",1
Hoser7,2020-10-15T03:45:40Z,Great film on so many levels. But what did you carry in all of those bags if yoi had a crew with ypu or sag wagon. Or am I mistaken?Splitting hairs either way!  Another great piece so thank you!!,0
Green Gable,2020-10-14T15:26:05Z,One thing to never take on a long epic ride:Di2,1
Paul Sanchez,2020-09-17T19:37:46Z,Great film too bad people cant get along! Pro cyclist is your past get over yourself.,0
Eric Hubert,2020-09-13T11:16:40Z,"Awesome film with some great perspectives. Selfishly, I enjoyed seeing a remote part of my own country that we rarely think about. It’s a nice reminder to get outside and slow down.",3
histeriamassal2,2020-08-31T10:43:51Z,Beautiful and inspiring film 👍,0
A,2020-08-23T08:00:17Z,When do we get a Rapha head net?,0
John Ratigan,2020-08-20T00:14:22Z,Bicycle warriors,0
lilth501,2020-07-04T13:07:45Z,People can show you how to ride a bike but at the end of the day you will discover how you ride your bike.,1
3D LAYERS,2020-06-29T19:12:20Z,Nice story about being on the bike just for the ride and not about finishing first.,0
Jonny Steel,2020-06-28T21:25:13Z,"Some harsh comments on here,Sami produced it and was more than just a rider.She didn't plan the knee pain and things happen.Hanging with this calibre of riders for anytime would be tough for most people.She has my respect.",4
Jimmie Juzdowski,2020-06-19T21:46:42Z,Yoooooo! Why was Gus such a dick to Sami since he’s all about “meeting people” and “it’s not a race”? Fuggin doosh,0
The Cyclist,2020-06-12T15:01:28Z,"Very Mesmerising Film, #TheCyclist",0
Alberto Acs,2020-06-08T23:16:00Z,"Donde llevan el equipaje? desde luego que ellos no, necesitarían el doble de lo que carga cada uno",0
CHW BIKER,2020-06-06T04:22:27Z,“I think that I had more fun that the guys that save!” 1:06:45 That is what this movie is about! Well done guys!,6
Raine Downton,2020-06-03T05:26:37Z,"I'm at 59:02, and like... Did Gus ever apologize to Sami for being an insensitive prick?",4
David Schneider,2020-06-02T19:59:27Z,At 1:13:55 his statement really meant a lot to me. When I stopped racing I felt like I lost my identity. Racing is WHAT I WAS. But it really wasn't. The bike was my escape and my solace growing up. And it still is / can be. I just needed to re-embrace that facet of it.,24
Ricardo Moonbeam,2020-06-01T07:46:04Z,Every cyclist I know who loves Rapha is an obnoxious shag-bag.,0
Melih Gebler,2020-05-27T19:31:45Z,"The girl with deep section ENVE wheels says, "" you really dont need much, a house maybe only a bed"", oh really, well can I then get those wheels plus maybe those DADi2 of yours since you only need a bed to be happy? :D Only jokes, good work on making a great movie! :)",5
Sills71,2020-05-23T12:35:18Z,"Somehow, just because there is GPS and cooler looking bike bags, bike touring is now seen as cool and hip...   I guess calling it ""bike packing"" helped...",1
Gravel Films Division,2020-05-23T11:13:28Z,Dope,0
Henrik Berggren,2020-05-17T17:12:22Z,"Hi, lovely film. If I wasn´t home sick I would go out bikeriding right now. I really love Gus´s hat, can anyone tell me what type of a hat it is? Thanks",0
Carpenter Law Firm - WILLSFORU,2020-05-15T18:31:28Z,"Pretty cool, but was it just me or did the first 10 minutes remind anyone else of the lead in to every cheap horror slasher movie where the teen/20 something group goes on an adventure and ends up being slaughtered by some crazy backwoods inbred clan...?",0
Juan Ignacio Obando Molina,2020-05-15T11:30:56Z,"Crazy film, love it. Is not about get to the end is to enjoy all the thins that happens during the ride, people you meet, downs that happens,  shit food or a simple cup of coffee; are memories that will never leave you head. Looking foward to do something like that some day.",0
Al O'Peesha,2020-05-14T18:03:18Z,"Yeh, I think I'll give that one a miss!",0
AstrayAgrarian,2020-05-08T04:05:00Z,I didn’t understand the part where the female seems upset and flipping everyone off? Irrational much?Says a lot about how humans have evolved as a species and the dichotomy between males and females.,0
AstrayAgrarian,2020-05-08T03:57:29Z,I didn’t understand the part where the female seems upset and flipping everyone off? Irrational much?Says a lot about how humans have evolved as a species and the dichotomy between males and females.,0
JAMIE GOSDEN,2020-05-03T07:47:53Z,Lose the stupid music will ya!!!!,0
JAMIE GOSDEN,2020-05-03T07:43:53Z,"Music so annoying.  Can't  hear the narration!!!! Too loud, bad taste!",0
Ronnel Ramos,2020-05-01T06:09:24Z,"this is more of a paid ride, flaunting all your sponsors. If you want a real adventure check this guy https://www.youtube.com/user/istarusIG",0
Stuart Meldrum,2020-04-29T08:23:36Z,The mosquitos would be a deal breaker for me.,1
ArtAttack,2020-04-24T22:18:38Z,How about a film paid for by rapha about how women successfully complete such a tour. This macho shit bores!,1
Dwayne Pedals ,2020-04-24T19:20:09Z,My kind of film,0
Jim E,2020-04-23T23:22:07Z,"When on I-40 for the Route 66 video with mad crosswinds and semi-trucks; no helmets.  When on one of the most desolate, best paved roads in the world; helmets.  Anyone else confused?",3
Garfie1d73,2020-04-21T19:48:50Z,What kind of adventure is that? I mean - a fucking car always in the vicinity? That's bullshit. It's an ad and nothing more. Quite disappointing.,1
Richard,2020-04-21T13:30:52Z,why is he running DI2 on a multi-day wilderness ride?,2
Jani Rapo,2020-04-20T21:51:37Z,Awesome!,0
Gerry Levens,2020-04-19T01:56:25Z,"I very much enjoyed this film. I'm a cyclist, at least I thought I was before this.",4
BeaDomTroy,2020-04-17T08:05:20Z,""We were offered whiskey and sausage on the side of the road and the ride ended."" - Hahaha,2
Brendan Willard,2020-04-16T23:49:11Z,Anyone else find the music is mixed a bit too loud making it hard to hear what is being said?,3
WheresMonte,2020-04-15T14:36:37Z,where does dan craven get his shirts?,0
Evan Samuels,2020-04-14T04:57:16Z,I love my bike even more now.,2
Johannes Ehm,2020-04-10T20:25:43Z,Enjoyed the movie very much!,0
Timothy Inman,2020-04-08T02:04:10Z,How we do we know you didnt just ride for a little bit then shoot some conversations lol.  then drive too the next shoot.  I never believe this stuff none of these dudes look like they road 20 miles let alone day after day in the wilderness' I thought it was strange about the route 66 is  a lot of it is not even ride able or even exist anymore.,1
SDE,2020-04-07T15:50:40Z,👌🏻👍🏻💪🏻👊🏻,0
Rafael Singame,2020-02-28T18:16:01Z,The lady reminds me of Alanis Morisette….,5
Rudy Elizondo,2020-02-05T13:31:08Z,"Please tell me what tires, size, and psi used? Thank you",0
Rudy Elizondo,2020-02-05T13:25:46Z,Great vid.,1
Robin DT,2019-10-29T17:20:50Z,The added ""specialized"" thing on gus his helmet is absolutely brilliant!😂,11
Robin DT,2019-10-03T07:03:48Z,""Why buy a cow when you get milk through the fence"" omg hahahahaha,28
Madeline Jones,2019-09-03T00:38:10Z,"her name is sami sauri, not saudi!! just wanted to correct the spelling in the bio of this video!! ☺️☺️",13
R,2019-06-17T21:25:05Z,Definitely reaffirmed i need to be outside.................BEAUTIFUL,0
Adam Gallardo,2019-06-16T00:33:22Z,absolutely loved it. really makes me want to get on my bike and explore. beautifully shot and well put together. thanks for sharing your stories and those of the people you came across,3
lila sennett,2019-05-30T18:10:22Z,for fucks sake...noone brought OFF? this episode is like some bad scooby do thing...that is zero for two via her knee...leave the gf at home mate...,1
drqazlop,2019-05-26T03:35:38Z,"Boo and dislike for lack of transparency. Why don't you explain that you have a support vehicle and film crew? You have cereal boxes, large tents, cooking stuff, duffle bags. Either go ultralight with minimal ""bikepacking"" bags or get some panniers and earn it.",9
Edward Scoble,2019-04-27T15:51:47Z,HI LAURA,0
Edward Scoble,2019-04-27T15:50:50Z,sami should direct the next one and only allowed ONE bloke.,4
Joe Nour,2019-04-08T13:20:13Z,"Great film, I really enjoyed it. I watched it like 4 times.",0
naïm,2019-03-25T03:04:56Z,You lot and your Pedal Bikes,1
Spencer Gosmano,2019-01-26T14:03:18Z,I think I'm going to write Specialized on my helmet too,0
lewisimages,2019-01-15T04:41:15Z,"I don't know, something didn't feel right about this.  Beautiful country, much better adventurers out there and without a support vehicle.",13
James Stewart,2019-01-10T18:23:42Z,Not a bad approach to riding this road. Most nights they are camping however I don't think their bikes are packed for that. Do they have support vehicles that are ahead or trailing that are setting up their site and dismantling? It'd be cool to see them bike-packing and carrying everything themself but I also suppose that isn't the intention of the ride. I'm not as critical as some other comments because I know at the end of the one of the primary goals of this is marketing.,3
David Embree,2019-01-09T22:12:26Z,"I really enjoyed this one. The riding scenes were terrific, the camping and extreme bug-netting were surely honest to the real experience.The roadside stories were really interesting and came off genuine – i especially loved the guy who built his own guitar.Regarding the crap talking about Sami's injury ... i can only imagine what riding with three seasoned pro riders would be like, but it surely wouldn't be easy. Good on her for taking on the challenge and making the most of it.",8
Steve Dean,2019-01-09T17:51:54Z,"Thanks guys, really enjoyed the film.",1
eteokles3,2019-01-09T16:17:47Z,"Oh, and Sami and Gus, please go to film school for the summer and learn some basic principles of story telling. It needs more than a camera and some cash to actually make a ""movie"".",7
Vlad The Bike Guy,2019-01-09T07:29:51Z,"Not much of the stories behind them, but a lot of specialized and envie marketing... Some local bike builders would be more fitted to Rapha style ;)",4
malobaggio,2019-01-08T09:54:09Z,57:58 Somebody knows the music?!,0
Costas Mandylor,2019-01-07T08:17:38Z,Love these movies! Certainly hope there are more to come!!,1
Kate Boniface,2019-01-05T18:17:48Z,"Cant handle that motherfuckers helmet. Other than that, fantastic.",0
Rory Johnson,2019-01-03T20:41:50Z,rate it x,0
Timothy Topor,2019-01-03T19:15:25Z,"Outskirts team, this video was great and cycling's online community needs more work like this.  Great job everyone and thank you for this content.  Showing all sides of touring is important and with that comes all the small bits of drama shown here.  Can't wait for the next one.  Sami you are a legend and big inspiration to female cycling.  Cheers thanks to sponsors for making this happen",2
Eric Atkinson,2019-01-02T00:13:00Z,Nice one! Looking forward to Part 3.,0
Alex Bateman,2019-01-01T23:04:55Z,Well that inspired me to go on a ride this evening.,10
ciccioformaccio,2019-01-01T17:01:33Z,Synthetic cycle travelers. I suspect they are completely unable to fix a puncture.,1
NonchalantGarage,2019-01-01T04:09:49Z,These are the types of videos I'm into watching and making lately. Capturing adventure and culture brought by a bicycle.,9
Yann Campbell,2018-12-31T00:36:26Z,Having a Di2 bike to go bikepacking in the middle of nowhere seems like a great idea.,8
maria grazia Guanziroli,2018-12-30T16:29:32Z,"Nice piece of life. Thank you Sami for sharing your bitter “side” story. So honest. It tells a lot of you. ... I am astonished by all the hateful comments. Everybody seems so obsessed with Perfection and competition (in riding, in filming, in storytelling). Thank you all for sharing your trip in those remote lands, meeting those nice people. And for sharing your current perspective on life. This make it more intimate and interesting for me. Happy new year to everyone.",44
Sam Hirsi,2018-12-30T12:57:46Z,"really liked this, just like 1 and 2, bit more about, nature, culture and people which is good",1
jeca cace,2018-12-30T08:43:05Z,Are you gonna release the soundtracks? I love Builder’sTea Thanks,1
weera warakul,2018-12-30T04:57:04Z,Loooovvvveeeee this,0
C z,2018-12-29T22:27:22Z,59:14 hahaha wtf,7
C z,2018-12-29T21:23:41Z,Der Typ ist nicht aus Afrika (Namibia). Der ist aus Bielefeld. Kenne den. Alles fake,5
Nick Phelps,2018-12-29T20:19:01Z,"Enjoyed it!  Thanks guys, this video series is excellent",0
Musashi13,2018-12-29T14:14:24Z,It is a shit film as was the last one. Which is it? The ride or the people? At the moment you're telling nothing much of either story. There is no thread. I am not drawn to give a shit about anyone or anything happening which is a real shame as you all seem like great characters and the journey a magnificent one. When you rode your bikes and were directed by others in Thereabouts things were so much better.,4
Cian Hogan,2018-12-29T11:08:58Z,"Enjoyed the Outskirts video. Unfortunate for Sami, no one chooses to get injured.",2
Murray Higgins,2018-12-29T04:17:15Z,"Pretty good for a mellow watch. I enjoyed this one a bit more than the last one. If you like watching people ride bikes and do fun shit, check out Dklein 's youtube channel.",0
Gary Bonham,2018-12-29T04:11:56Z,Awesome,0
Luke GJ Potter,2018-12-28T22:41:31Z,"I just didn't dig this as much as the Route 66 one. The map screens could've been a bit more detailed, I had literally no idea where they were riding until mid-way through and no sense of scale.",18
thetalkingfly,2018-12-28T19:02:02Z,"I dig it, fun to watch- gets you thinking about riding your own way- there is no one right way to ride a bike or make a film- these always inspire me to ride my bike, take more pictures, shoot more video - but that is just me. cheers, Steve aka The Talking Fly.",12
Harrison Nurse,2018-12-28T06:20:35Z,"Anyone know where I can find Thereabouts 3? Seems not to be on cyclingtips, the thereabouts website or Vimeo...",0
Toddtyrrell,2018-12-28T04:46:19Z,I really love this,1
lifeofluke,2018-12-28T03:59:53Z,"If you guys need someone who can both ride and film in the next Outskirts, let me know!",0
Chris Power,2018-12-28T00:39:04Z,"As much as I like Gus, he came across as a bit of a dick! He made the point that Sami was not a professional!!! Surely the point of these films are about exploring? Nobody cares if it takes 10 or 30 days. It's about experiencing the people and the land. These series would be better with cyclist who really struggle with a trip like that to make it real!! Kit them up in Rapha and not flowery shirts. Show the rest of us something real to aspire to and how your kit can help them!",4
Blog Pedalare verso il cielo,2018-12-27T08:38:16Z,Gita turistica; documentario sulla natura. C'è poco o niente di ciclismo puro su strada.,0
CycoWarriorx,2018-12-27T04:25:25Z,"😏 I see ya’all let that Specialized duffle bag slip in there... lol... for a microwave society, expecting a visual commitment for an hour+ video is a stretch. Perhaps smaller chunks, 10-12 minute increments, spread across several days, might be more conducive to keeping an engagement with your viewers. Just a thought!",0
breathestrongcycling,2018-12-26T17:47:33Z,Sponsored by big name companies...mum still takes him to the airport...legend👍,88
Stefano Girolimetto,2018-12-26T17:23:19Z,haha how did he get the Sartoria Ciclistica cap?! Cheers from Como ;),0
Sweeney0db,2018-12-26T14:20:05Z,Thanks for sharing this great adventure.  Film beautifully captures both the challenging landscape and the characters of the riders.  Ride on.,4
Numix81,2018-12-26T10:40:39Z,Thank you Guy's & RAPHA best X-Mas present. Now i Go out 4 a Ride 🤘🏼,0
♣Mellow♣,2018-12-26T10:19:42Z,My fav bicycle channel...😀👏,0
amsp79,2018-12-26T09:45:41Z,"So how is it that Sami gets knee pain on day one, does she not ride on a regular basis outside these films?",10
Jakob Lester,2018-12-26T09:19:52Z,so sick,1
K,2018-12-26T09:01:36Z,rock n roll show,0
sean christensen,2018-12-26T08:26:14Z,"Thanks, Rappa for paying the bills. Cheers, Sean.",2
