Kingpin Ronin,2018-07-11T15:06:13Z,"Stop it with the Helmet-Shaming. There is no law in the US that you have to wear a helmet on Route 66.  Nobody is anti-safety, but as it should be, it is a personal choice to wear, or not want to wear, a helmet, or a chest protector, or kneepads, elbow pads, wrist guards, padded lycra, safety glasses, high-visibility neon clothing, etc. If you want to put on armour and look like a Power Ranger every time you ride, so be it. Not everyone else wants to do that for every ride, particularly if they are filming and they don't want competing logos everywhere. Nor do they have to ""set an example"" for your kids, that's your job. Stop chastising others for not riding how you ride.",5
Greg Nauss,2018-07-02T14:56:54Z,This isn’t the only Rapha video I’ve seen with riders not wearing helmets.  Surprised a cycling company like Rapha would back something like that.  Last crash I had was probably less than 15mph and I cracked my helmet.  If I didn’t have it on (because I thought it was cool not wearing helmets because I saw riders not wearing them in a Rapha video) I’d be dead.,2
Matt Higgins,2018-06-30T23:02:54Z,Need to know what all of the tunes are for this soundtrack 👌 Anyone know? Can't find any info...,0
Kendrick,2018-06-29T04:02:41Z,Helmets.  Set the right example.,2
John Hughes,2018-06-28T23:44:36Z,I second what ""Soundtallica in Chains said""!!,0
Oliver Hill,2018-06-28T18:49:41Z,Can’t wait. When and where can I watch it?,0
N N,2018-06-28T16:08:42Z,Heading to Rapha Seattle for the premier tonight! YeeHaaa!,0
Daniel,2018-06-27T14:19:11Z,I can`t wait! So freaking fixed on seeing this 🤯❤️,1
Soundtallica in Chains,2018-06-27T14:15:38Z,Can't wait! Gus Morton always puts out good stuff,5
