Martin Looter,2022-11-16T13:18:31Z,POOREsheeps looks like victims,0
Alexander Novicov,2022-10-30T16:14:13Z,I'm new to cycling and Rapha definitely inspired me a lot.,0
brianmcg321,2022-08-08T00:55:59Z,Take my money,0
ilton Boaventura,2022-07-21T23:14:26Z,👀From Brazil 🇧🇷🥰👏🏽👏🏾🤜🏾🤛🏾🚴🏾‍♂️,0
Ashwani Lingwal,2021-12-02T06:28:35Z,Loved each second of it! And felt it too,0
Vincent Volmer,2021-10-30T08:33:04Z,"That’s me😊, thanks cycle brothers and sisters and Rapha for keeping the spirit alive🙏",0
Flaco Lacayo,2021-10-04T19:07:58Z,cool video.,0
Martin Gaurano,2021-10-04T10:58:39Z,What’s interesting is that I can relate to everything they’re saying. I guess that’s why we all ride.  There’s nothing like it.,0
Jan Možný,2021-08-02T11:40:37Z,Awesome.,0
Paul Romagnolo,2021-06-25T04:06:19Z,"I like her attitude to hill bombing, ' when you're in control and loseing it at the same time. '",0
Karl Adrian Aguro,2021-04-22T17:48:01Z,So inspiring to hear everyone sharing what cycling means to them. I definitely relate to ""Cycling is not a physical thing for me. It's more like a mental thing."" Bull's eye. I love cycling.,4
Alida Pinas,2021-03-24T13:31:26Z,"'You only pay with calories' that's funny, because actually..",1
Scott Bert,2021-03-04T19:38:29Z,These are my brothers and sisters. This is the perfect expression of me. Thank you Rapha.,1
BigCatMojo,2020-12-31T14:32:38Z,squirt the dog with your water bottle... ??,0
Erlangga Harjasaputra,2020-12-26T16:07:50Z,Cycling save my life,2
Akram Ali,2020-12-23T08:27:36Z,"I'm always shy to ride bikes, because I've grown up so much but i want to go back to my childhood to ride",0
Luigi Baker,2020-12-21T21:32:37Z,"So pretentious it wants to make me puke - sorry, but that's how I feel about Rapha. Got nowt to do with the roots of cycling.",1
Markus Joseph,2020-12-20T04:54:37Z,"I like how you use yours words to describe how it feels to ride, Brill",0
powerofpositive,2020-12-17T04:34:54Z,Great inspiring video!,0
Malcolm Thomas,2020-12-16T20:01:46Z,Beautiful,0
SolitaryRefinement,2020-12-12T22:52:32Z,"It's nice to know that one's not alone in those thoughts that they have on the road with no one else around, no one else listening, when there's nothing to stop you from pulling over for some relief, but something inside you says, keep going until you can't. Then when you do stop, the pain isn't any less, but it feels gooder (yeah, I just made that word up) and it's a guilt free break. Your only competition is yourself.",1
copali pì,2020-12-09T21:26:14Z,Did everyone forget their glasses?,1
Coffee Ride Socks,2020-12-09T13:27:09Z,we love those stories <3,0
MultiDexter,2020-12-07T02:33:50Z,Feels like YouTUbe stole this video from Vimeo. This video is too sophisticated for this shit-platform.,0
ashwatthama,2020-12-03T10:38:34Z,nice video.....I have been cycling from the age of 4 to date.it makes me just HAPPY.....,1
Xelsear The only one,2020-12-02T12:48:54Z,i LOVE CYCLING!,1
Dave Ansell,2020-12-01T22:08:26Z,I really must ride my MTB more...,0
Alban DB,2020-11-29T12:42:47Z,Cycling 😍,1
Maks Tymoshchuk,2020-11-27T17:12:06Z,perfect 5 minutes,0
Włodek 1410,2020-11-26T15:46:18Z,1:55 sound flying by is awesome,1
Gontzal Gago Amenabar,2020-11-26T14:01:22Z,"Great video, really inspiring.",0
gibememoni,2020-11-25T21:54:19Z,"Lonely, boring, self centered people.",0
Jo,2020-11-25T09:43:00Z,Would love to this a making of.By curiosity. Maybe there is one already uh,0
I Blow SnotRockets Mofoki,2020-11-25T01:57:52Z,The bike has been in my life since I was a teen. I'm 64 now and I'm starting to see the end of the tunnel you might say. I can tell that all the things these people were saying is coming to an end . When? I don't know for sure but I'm riding as much as I can as often as I can because it is part of me. It is my best friend. I don't know of any other thing in this world that can take it's place.,40
75zoran,2020-11-24T13:16:31Z,". . . selfish, yeah, that is the word, it is my time, my peace of mind!",3
Carlos Aguilar Castañeda,2020-11-24T04:43:03Z,Nice video. I love bikes.,1
Saul M,2020-11-24T03:46:20Z,This is so true 👍,0
Gocha Gviniashvili,2020-11-22T16:52:03Z,who can gift me bike?:)),0
Van DC Gerónimo,2020-11-19T19:48:17Z,Nice Benotto bike of that guy!,0
Tarasch1,2020-11-17T20:36:26Z,"Rapha, your videos are sooo inspiring..",0
amir hossein baghaie,2020-11-17T16:11:45Z,My bike is my best friend during quarantine,0
Chase Green,2020-11-16T02:55:24Z,"I catch myself around 4am in bed planning in my mind this mornings route and when all done I try to go back to sleep but as always I cannot fall asleep again,  I'm out on the road and trails by 430am, I'm addicted.",26
Albert Batfinder,2020-11-14T23:29:48Z,"This is all about the pure simplicity of cycling but I’m more into the style thing, you know, image, the best gear, the fanciest bike, the coolest coffee shop. So I don’t think Rapha is for me.",0
KS,2020-11-14T20:17:14Z,The transitions in the first two minutes of this film are brilliant!,0
Darwin Trinidad,2020-11-14T03:51:43Z,"“It’s not a physical thing for me, it’s definitely more mental or emotional thing”. Well said.",50
Richard Burrows,2020-11-13T17:54:21Z,"Superb film, thought provoking and inspiring 👍🏼. Just got back from my daily work commute and it rings true with me.",1
Nektarios Vasilopoulos,2020-11-12T12:01:31Z,"The pedaling is the meditation. I'm lucky to cycle and kayak  ,the repetition, of movement is the key. Stay in the moment.",1
Blazer433,2020-11-07T06:56:48Z,I really want a canyon bike,1
Pendji,2020-11-05T16:46:21Z,*as long as you can pay 3 times the normal amount.,0
JC Negri,2020-10-31T14:35:09Z,“There is no end of things in the heart.”,0
Alain Pryt,2020-10-30T17:45:06Z,Très belle vidéo bravo,0
deyanira barajas,2020-10-30T07:42:34Z,1:51,0
MarchOf TheLorex,2020-10-06T21:56:39Z,Drivers have this same feeling about their cars we are all alike. Its only the twits who have a problem with people who enjoy cycling.,2
DWNtoERTH,2020-10-03T21:41:30Z,"I’m probably coming into the cycling community because I suffered a fracture in my ankle from running. I love running, for me it does all this as the above video, albeit lower barrier to entry. The only thing that keeps stopping me from cycling is the constant shopping for the “perfect” bike. Getting an entry level road bike is a waste of money IMO. You won’t love it after a couple weeks and you’ll want to upgrade within the year. This is what bugs me. Cycling is so gear and fashion based. Sure you DONT HAVE TO follow the trends but everyone knows that when you look good you feel good which transfers into the cranks.",0
Adam Mohd Noor,2020-09-28T15:23:05Z,Superb videography,0
histeriamassal2,2020-09-25T15:50:16Z,This is why I love Rapha,0
JOSEMIGUEL ONECA,2020-09-20T07:48:35Z,Familiar views  of Mallorca.. ;-),0
K Edmodson,2020-07-20T11:45:41Z,"Whoever you are, whatever you ride - pay your £70 a year for coffee and the chance to buy expensive clothes. What a mugs game, spending money to give them money. People do though, no sport is so full of poseurs as cycling.",1
Kevin,2020-07-07T16:28:43Z,wow! this video captured all my thoughts and emotions about cycling.. weird,2
Jim Plummer,2020-04-02T00:14:50Z,i LOVE CYCLING IT FREES MY BODY AND MIND.,3
Rafail Chouvardas,2020-03-13T08:43:18Z,Great video. Especially the scenes with the puppy that wants to bite the shoes!,1
S. Ivers,2020-03-09T11:28:55Z,Sums it up for meNow if I can get my wife to watch this......,1
Flora May Paredes,2020-03-05T10:18:27Z,"SO GOOD! As a beginner commuter cyclist, I appreciated the fact that I could relate to what these people are talking about. But at the same time, it subconsciously made me want everything that everyone is wearing LOL you guys are clever",2
Roberts Ikaunieks,2020-02-22T21:37:27Z,right.. calories.. one needs money to put calories in..,0
Sharath Ramachandran,2020-02-02T18:30:12Z,Anybody can help me identify the bike at 1:51? Thanks.,0
thetalkingfly,2019-11-17T03:43:38Z,"So good, super inspiring video. Cheers, Steve aka The Talking Fly",25
Aurelio Riccio,2019-09-04T18:01:36Z,♥️,0
Colin Robinson,2019-08-01T07:31:44Z,"you have become too sad guys, is it everything allright up there?",1
mrmarzo,2019-07-28T13:51:01Z,Watching this before my morning ride.,13
Eztonyg,2019-07-20T03:45:54Z,"I must be crazy,,, I work the grave yard shift,,, (air traffic control) and once I get home I’m looking forward to my bike ride before I go to sleep,,,",2
STARLUSTER,2019-05-21T12:44:34Z,"I got recommended this pecause I watched a Quake video staring Rapha. Watching this is laughable, to think that so much time and effort went into making a cycling video. Cyclists will never understand the skill and expertise needed to master the rail gun nor will they ever experience the rush of hitting a air rocket. This this is a fucking joke - cyclists make me puke how gay they are. NO SKILL INVOLVED - THE NEW STANDARD FOR BEING RETARDED",0
Roberto Ambrosi,2019-04-14T21:46:38Z,Complimenti i vostri video sono uno più bello dell'altro.Fantastici!!!,0
Mani Matter,2019-03-13T14:49:58Z,Good as hell,0
freshjiv,2019-01-08T01:53:49Z,Rapha : The most ultimate piece of garbage. This is even worse than Apple.,1
Stephen Jeffreys,2018-09-10T09:57:04Z,Inspirational!,1
Pork Fat,2018-08-05T22:22:51Z,"It was mainly weight loss for me, 32lbs so far. But it is changing into more than that now, the land is not flat at all here, many rolling hills close together. Each one hurts, each one calls....I answer.  It has begun. ( or am I nuts )",7
biterocco,2018-07-23T22:50:13Z,what wonderful editing.,0
Pasa Savran,2018-06-02T21:07:50Z,Just 150$ xd.,0
Sawant Gupta,2018-05-21T17:08:24Z,https://youtu.be/bakyI6yhamk,0
Joshua,2018-03-22T12:27:18Z,so cringe,0
Winner Winner,2018-02-12T09:55:47Z,Beautiful & Amazing video... so Relaxing,0
Niko Jodi,2018-02-03T17:09:04Z,Karena mungkin dengan bersepeda ini saya bisa merasakan sensasi yang tidak bisa didapat di kehidupan harian saya,0
August Schultz,2018-01-13T05:53:08Z,Rapha videos are among my ASMR triggers. Amazing stuff.,0
Jarod Thurley,2017-12-18T10:29:08Z,"Great film, thank you Rapha",0
Victor Cuvillier,2017-11-10T07:42:08Z,Where is this taking place ? Great video 👍👍👍😃,0
pmay222,2017-11-06T18:05:44Z,"The vintage bikes, so much more character than the modern",0
Kazebo 1,2017-10-29T04:17:05Z,"Beautiful Benotto ,,,,,, while cycling I discovered a river 3 km away from my house ,,, cycling is good for your health as well.",1
highway to health!,2017-10-23T19:14:58Z,I am a lonely rider and just love to deal with nature and the elements.wind takes away every negative thoughts and here we go iiiiihhhhhaaaaa....,1
nikola,2017-10-12T19:08:50Z,https://www.youtube.com/watch?v=abVfXhRZMFc,0
life long,2017-08-05T22:02:37Z,Damn.....love being on my bike.....,1
George J Gilles.:,2017-07-26T05:05:15Z,Cycling is the best.,1
Nicolò Weiss,2017-07-22T05:45:23Z,To me is liberating,1
Medium Rick,2017-06-08T22:15:34Z,what's with the baggy fit around the neck/shoulder area with the Core jersey??  I haven't noticed this with your other lines.,1
Storm Force Studio,2017-05-24T21:49:47Z,That dog really wanted a piece of that man's feet,1
zino dz,2017-05-15T15:06:04Z,i feel just like im not included or being reffered to in this Message.CUZ im a MTB rider...............,0
jbird Perez,2017-05-13T23:09:32Z,Rapha .. you guys are on it ! !  great stories . high five ! been ridin / cyclin all my life .. keep up the motivation and inspiration,1
Lhermine,2017-03-19T14:03:59Z,PLEASE TELL ME where are all of those beautiful roads !,0
Monks Whiskers,2017-03-11T11:11:07Z,""The only thing you pay is calories"" lol...not if your addicted to buying Rapha!,122
J Xx,2017-02-07T12:24:26Z,the lighting of this video is so great. i wish i can learn film making,0
maultx,2017-02-07T12:08:52Z,your preaching to the choir,0
Phan Gh,2016-12-21T13:50:24Z,simple comme bonjour.,0
boo9oob,2016-09-18T17:12:22Z,I really like your stuff  but it is to fucking expensive!,6
Bernard Ibrahim,2016-09-11T02:29:54Z,"Man, in what kind of utopia does rapha videos take place? If only life here is that simple",31
01simmenj,2016-06-20T18:09:12Z,I will never tire of this video. I've lost count of how many times I've watched it now...,36
Johe Videos,2016-05-16T20:30:24Z,videos are very nice ... great job Rapha,0
Luke Glasgow,2016-05-12T15:06:51Z,@raphafilms  great video! inspiring. could you please tell me the track names used in this? especially that ambient one used in this and also in the collections film .  thanks,0
Wilson Wilson,2016-04-28T16:29:00Z,Best movie about simple cycling,1
Adam Gallardo,2016-04-14T06:34:51Z,"I've watched this more times than I can remember. I always love Rapha's videos. As an amateur filmmaker and cyclist, I'm always so impressed by these little films. I can definitely relate to these riders, thank you for sharing their stories!",7
jay collins,2016-03-20T09:06:36Z,tiffany cromwell can say she hates her bike she rides every day as she's a pro love hate is standard,0
David Green,2016-03-19T19:39:56Z,"About the only thing LA got right...It's not about the bike!It is about the cycling. Why? Because...my reasons, your reasons...just because.",2
earthstick,2016-03-12T20:59:14Z,1:55 - 1:58 That sound is what it's all about.,90
Robin Bantigny,2016-03-04T15:39:25Z,"This is branding, but I almost forgot it. Because this is really really good.",50
Narongwin Setawipakul,2016-03-03T12:28:13Z,nicee,0
Brazuca Real,2016-02-29T05:54:08Z,"THE ONLY PART CONFUSING in this video is the girl saying that some days she hates her bike. I ride a lot too, but I don't recall a day I hate my bike. I recall a moment I hated my bike, it was 120 miles into a 9k feet climbing day, at hour 7:00:00, I started to wonder why I was putting myself through it... then 2 days later (and after taking one day off) I was in the best shape of my life. 2 months later I was winning a race (even though I am usually one of the fast guys around, I am not much of a racer. I cant stand the dumb dudes throwing their bikes on you). I am not of a Rapha kind of rider. I like to ride for the love and pleasure of it. I like to see things, I don't mind taking pulls to pull the lazy guys that never want to pull, they like to save it for that final popular stretch, but still, even after pulling them to the sprint, I will still beat all of them if not most of them... Cycling has changed my life and health, for better",3
Hayden Bedwell,2016-02-26T20:50:47Z,"chapeau, chapeau Rapha!",0
Mike Eccles,2016-02-26T13:30:03Z,"Very nearly an effective marketing video, I only just managed to steer myself away from Manchester CC the day after the campaign launched, a decision I kind of regret.",0
Thomas Kehlenbeck,2016-02-25T13:57:18Z,"Great vid, love it.  Rapha ads always make me want me to just leave work and go ride.",22
Greg Harvey,2016-02-25T03:52:57Z,"To those who made this video, I hear you",1
Giovanny Bello,2016-02-24T14:50:48Z,I think I've watched this one about 6 times now. thanks Rapha!,1
Dayoc11,2016-02-24T13:48:35Z,class vid,0
Davidson Anggakesuma,2016-02-24T02:56:11Z,rapha. always make me impress,1
BBDUHL,2016-02-24T00:41:15Z,Love these films.  Well done.  Curious who makes these?,0
Nigel Manson,2016-02-23T19:19:29Z,"Thanks for this.  Agree with the sentiments, beautifully captured... Loved it",3
Mr Lewis,2016-02-23T19:05:58Z,Cycling isn't an escape from everyday life enabling me to work harder/clearer/better. It seems to work for these poets.,1
Sivert Svanberg,2016-02-23T17:49:35Z,The secound girl's bike was straight fire🔥 Model name?,0
Anon,2016-02-23T17:23:07Z,""The new standard"" of charging £75 for a polyester jersey. How are people supposed to know you've spent an insane amount of money on your kit without massive Rapha branding?,0
高勝為,2016-02-23T15:23:20Z,only ride a bike I  feel i am alive.driving the car makes me asleep,5
Todd LANGMAN,2016-02-23T13:21:10Z,"Core... I can see why  Rapha chose these riders to represent that value. Some meditation has nothing to do with standing still, thanks for reminding me of that.",15
Olivier Mouyau,2016-02-23T12:48:58Z,"Mallorca, Ibiza, London, Belgium, ... do you recognize other places ?",0
Aaron Paterson,2016-02-23T12:40:42Z,Great stories. Love it.,3
Jon Cannings,2016-02-23T12:40:18Z,fantastic! i love this,0
Lisa Eggins,2016-02-23T12:18:35Z,"BOOM!!!  Rapha is finally back... that's what it's about.  You'd lost your way (in my opinion) the last couple of years, now this is more like it - Bravo!",7
Louis Devore,2016-02-23T12:06:59Z,"Cycling is the best way to escape from the dizzy crowd and busy work. I love climbing a lot, because everything just went slow and smooth, I can talk to the trees, the birds or myself. I feel ultimately relief on my saddle.",67
The 1974,2016-02-23T12:05:27Z,"They all love cycling , it's the same for me,it's not about how far and fast you go but about getting out there. Rapha videos hit the spot every time !!",63
G,2016-02-23T11:35:28Z,"Smile then! All love cycling so much but all featured looked bloody miserable, apart from the chap with the dog. Rapha branding really does not speak to me. It's a different thing entirely but the way 'Backstage Pass' from Orica is framed - happy, fun, buddies and this is a PRO team! Amateurs are taking themselves more seriously than pro's. It's not cool.",8
