August Schilling,2021-08-23T03:02:06Z,"Mr Morton, no one will ever be sick of hearing you talk about this s&*t.  Thank you for sharing your experience.",0
John Payne,2021-06-13T02:28:22Z,"A year on and the world hasn't really worked this situation out. Thanks for making the video, I respect your efforts and motivations.",0
Jack McCauley,2021-04-06T00:43:55Z,Does anyone know what pack they are using? I thought it was a camelbak chase vest at first but it is different.,0
Strenki,2021-02-21T20:49:36Z,"I hope EF guys will try next time on Cape Epic, is really TdF or MTB marathon stage racing :) Love your videos!",0
Bear,2021-02-13T15:59:30Z,3rd time watching this one,0
Glen Mellor,2021-02-05T15:33:18Z,My favourite video ever about a race that didn't happen.,0
Richard Smith,2021-01-26T15:56:19Z,Loving these films Have you guys thought of doing BCBR ? It would be amazing to see you compete there,0
WildMeff,2021-01-25T23:46:15Z,Mountain biking is frickin' sweetso is the EF Alternative Race series,0
Some Time RVing,2020-12-09T14:45:30Z,"I just binge watched all of the Alternate races with Lachlan and Alex, and the GBDuro and some others with the EF guys.  So great to see, inspirational, the realness of the guys is so nice to see.  I doubt other World Tour riders would open up their lives like this.  Perhaps I will get to shake your hands one day and say ""Thank you"".",0
K W,2020-07-28T10:07:00Z,What's the song called from the beginning?,0
Rob Lennon,2020-07-25T05:23:26Z,Burbufbhhfehfbhiuvgi dfgui g if gi& gsdivbgeid fbigervygywuyubgvigibg2vbbaeybcydaebycdwbqucwdioqbuqechuewqdupqehdwuwhpdueqphqdwuewphqdpuehcphupewchqqeupchphcuehwupiwfheuiwpqhfuphuewphfuewiphfuieqwhhfqbohu.,0
tgoods504,2020-07-17T02:15:05Z,These guys have amazing perspective,1
Amanita Muscaria,2020-06-23T13:22:49Z,Too loud music ruins a bit from other exxellent video.,0
Jonny Steel,2020-06-16T19:54:15Z,"This is the best thing to watch in cycling,the guys are both entertaining and humble.",0
Tex Judd,2020-06-15T04:45:07Z,https://www.youtube.com/watch?v=7tcutmdnFvk,0
Mieke,2020-06-06T10:26:56Z,"12:02 you are in Nederland? Wow, there actually is a place called Nederland somewhere outside of Nederland. Wild.",0
EJDM,2020-05-31T23:18:20Z,Hallo,0
1badcrossfitter,2020-05-18T16:44:05Z,I could listen to these guys talk bikes all day. The love they have for this sport is so genuine and pure. Hands down one of my favorite series,0
justin stepchuk,2020-05-01T03:32:31Z,What’s the song at 1:23?,1
rswc55,2020-04-28T19:13:10Z,These are just simply brilliant and beautiful and inspiring and...and...and...,0
yumyumhungry,2020-04-24T07:27:34Z,"A bummer that this virus affects us all, but we'll be back! Just hold tight and stay safe for now.",0
twyfordlion,2020-04-18T09:43:09Z,The riders and team on EF are true cyclists and fans if the sport. Bravo everyone.,0
Andrew Smalley,2020-04-16T22:34:58Z,"Absolutely love these videos. Great to see thoughtful, beautifully shot videos from a really human perspective. Well done.",0
Laucycle,2020-04-15T07:46:46Z,"I love your videos, they're amazing!",1
shayne compton,2020-04-13T17:15:31Z,I love listening to these two talk about what they do and their life. Keep it coming.,3
Anthony Homer Cycling 尤薩,2020-04-13T15:34:15Z,Too bad you did not come to 2019 Taiwan kom. I was waiting for you. 😔,0
Greta MT - Berlin Cycling Videos,2020-04-10T20:12:21Z,Nice one!,1
Jonathan Chester,2020-04-09T21:16:05Z,Boo - what a waste of 20 mins. Gonna go stare at my bike instead,1
Tom,2020-04-09T17:56:44Z,The EF alternative calender is hands down the most inspiring thing in professional cycling. I bloody love it!,149
Zachary Smiles,2020-04-06T15:45:06Z,Fresh perspective....loved it fellas!  Thanks!,1
gamby16a,2020-04-06T05:29:25Z,Phenomenal as usual. Very interesting that Alex and Lachlan weren't too broken up about the cancellation.  I guess when it's a job it's easier to detach from it?Looking forward to the salvaging of the alt calendar.  I'll be here to watch.,0
John Dorney,2020-04-05T19:09:30Z,Damn this virus. We will ride again. Some day.,1
davidvonslingshot,2020-04-05T17:27:57Z,How awesome it would be to chew my stem behind Locky or Howes....... Chewing it behind Woodsy was kinda tasty.... #omnomnom,0
Zbynek Simcik,2020-04-05T17:11:09Z,best series on the internet!!,1
Dirk Schuer,2020-04-05T13:23:39Z,Y,0
Dirk Schuer,2020-04-05T13:22:53Z,Rr,0
Dianalund Vandværk,2020-04-05T10:37:23Z,"Great video. Was looking forward to EF doing the epic. Did my first Epic in 2010 and after seeing you plans to race, I was so excited to see it from your perspective. Do it next year - there is a Good reason why the race is called “Epic”",1
Hector Cortes,2020-04-05T07:42:57Z,Great inspirational videos  top job guys,1
Mark Hall,2020-04-05T07:05:48Z,Glad he cut his sleeves off fashion for long sleeves on Jerseys is a joke. Great video though. 🙂,0
Austin Powers,2020-04-05T06:14:00Z,So AWESOME!!!!!!!! Please more!!!!!!,1
Jonathan Lee,2020-04-05T02:58:59Z,Alex and Lachlan are fantastic examples in the Pro Peloton. Love cheering for these guys 👍,7
Evan Segimoto,2020-04-05T01:58:42Z,Would love to see these guys compete at the Downieville Classic!!,0
Braulio,2020-04-05T00:52:50Z,1:21 What are those hydration packs called?,0
Bill in Houston,2020-04-04T22:40:11Z,"Interesting watching these guys look ahead to retirement at a young age.  Our job, if we have jobs we enjoy, is so much of us.  When you leave that, what do you do?  And you see it in the eyes of these guys who are at the end, and you hope that they don't end up on drugs or doing something self-destructive.  They both have so much energy and so much left to give that you hope they find an outlet for it.",0
Exceed,2020-04-04T22:00:41Z,That new cannondale scalpel is so hot...,1
ian tosh,2020-04-04T19:55:09Z,Top geezers!!!,2
Brian Hackathorne,2020-04-04T19:02:03Z,Great videos as always. Are those prototype new Rapha cargo bibs?,1
Ezekiel Barnett,2020-04-04T17:48:06Z,"pretty good video, but kindof clickbait",0
Kosmonooit,2020-04-04T16:41:03Z,Yeah that water is cold ....,1
J Silva,2020-04-04T16:05:06Z,"I love the alternative calendar, I would love to see more teams participating in alternative events.",4
Andre Jansen van Vuuren,2020-04-04T15:59:32Z,So how lucky or unlucky you are not to have raced the Cape Epic? Will you be back next year? This would have been the toughest year in my opinion due to all the singletrack.,0
Timothy Topor,2020-04-04T12:44:56Z,Thank you Lachlan and Alex as well as the EF and Rapha crew for this series!  Stay safe please continue this great effort and content,1
Hot Eric Honey,2020-04-04T12:26:47Z,"The editing, music, and quality of footage has gone from ""good YouTube"" to near short movie awesomeness. Lach and Alex kick ass on and off their Cdales, and I look forward to the next Rapha film.",1
Oak Flooring Direct,2020-04-04T08:40:09Z,Love the alternative coverage,3
Lee Dowling,2020-04-04T08:03:33Z,Great videos. To see and hear the love and respect you all have for the joy of riding is fantastic. Keep safe all,1
Jack Gavin,2020-04-04T06:11:11Z,These are so good.,1
Matt Delcomyn,2020-04-04T04:54:21Z,"Great candid reflections by a couple of really cool and courageous guys. Thanks Lachlan, Alex and Rapha!",1
Ty's Rides,2020-04-04T04:34:31Z,Pretty cool EF is doing these alternative races. Be interesting to see where gravel is at in the next few years.,1
Brad Mac,2020-04-04T02:02:18Z,"Lachie, how cold was that Camps Bay water?! Ice cream headache ? 😬",1
mattyb678,2020-04-04T00:59:20Z,"I absolutely love the alternative calendar that EF does. Such a breath of fresh air. Bummed that this event got cancelled, but just gives me more time to re-watch the past episodes even more! I'll watch any content that has Lachlan and/or Alex in it! They are just such down to earth and genuine people. I hope that after this is all over the boys are able to get back after it at some awesome alt events!",2
Dan Jenkins,2020-04-03T21:50:33Z,Superb!,1
scottamy404,2020-04-03T21:31:02Z,Lachy cut his hair....nooooooooooooo!!!!,0
Brian Berry,2020-04-03T21:03:14Z,Wish I could give this video more than 1 Like!,1
thetalkingfly,2020-04-03T20:32:08Z,"I am glad you made this video. Thank you- Stay safe. Cheers, TTF",8
Nate Cordova,2020-04-03T19:16:53Z,I think Lachlan is going to eventually classify himself as an endurance athlete over cyclist by next year.,0
Daniel Montgomery,2020-04-03T18:40:06Z,Thanks for having the courage to try the different path; for your candor and humility in sharing your experiences with all of us. You are outstanding ambassadors for cycling - and much more.,3
Matt Ripley,2020-04-03T17:58:22Z,I love these guys 🤙🏼,1
JD Dallager,2020-04-03T16:41:11Z,Such great candor and insight from two elite athletes!  Stay safe and healthy......can't wait to see everyone back post-Corona virus w/even greater perspectives on cycling and life.,1
Aaron Cupp,2020-04-03T16:40:00Z,I love these videos! Keep it up!,1
Nick V,2020-04-03T16:13:38Z,"Loved that! From a roadie Saffa disappointed not to have seen you guys race this beautiful event, but at the same time, hoping it ignites a massive flame up your arse's for next years!!",1
Jackson Bressor,2020-04-03T15:18:03Z,"Can anyone tell me what model of new balances Lachlan is wearing at 7:10? Huge fan of the team / this series, but also want to get a pair of those shoes",0
Alan Anderson,2020-04-03T14:19:14Z,Best of luck to you guys. I hope to see you back soon.,1
Bob Umbel,2020-04-03T12:48:23Z,Very Nice edit!,1
Richard Steele-Gray,2020-04-03T12:05:13Z,"Please come back, was so looking forward to watching you guys ride 🤞",1
Peter Marini,2020-04-03T11:55:08Z,What water vest are you wearing?,0
Suresh Chinnappa,2020-04-03T11:35:09Z,Loved this.  I love riding  and you guys are brilliant.  Congratulations gentlemen!,1
Milo Purvis,2020-04-03T10:34:13Z,That outro song and footage is so awesome... kudos to Builder's Tea! Really want that song!,2
billy s9,2020-04-03T09:41:30Z,Lachlan and Alex should write a book together.,1
mfennell70,2020-04-03T09:17:57Z,Despite the outcome - Day. Made.   Thank you EF and Raffa!,1
Ashley Cameron,2020-04-03T06:00:34Z,Sad vibes.,0
alan p,2020-04-03T05:32:37Z,effin loves the EF films esp with lach and howes!!! hopefully EF can conjure up some other cycling entertainment amidst this pandemic !!!!!,2
Ken Jackson,2020-04-03T04:12:48Z,where are the music credits?,2
lukeboelitz,2020-04-03T03:15:58Z,You guys are making the best sports content period. Such a strong and specific voice.,21
Art O'Connor,2020-04-03T03:09:47Z,"These films are so great. Alex and Lach are such amazing athletes, but even more amazing humans.",5
Robb Korhonen,2020-04-03T02:39:54Z,"That last bit with Alex and Lach describing how things have changed for them after doing the other events, I didn't want that to end.This video was fantastic",48
Magrath Gibbons,2020-04-03T02:32:59Z,PLEASE MAKE MORE MOUNTAIN BIKE videos,1
Scott Sievers,2020-04-03T02:17:30Z,"Love these guys, this team, and this series!",1
Tim Fitzwater,2020-04-03T01:42:51Z,This hits in two ways - so glad to see another great video - but makes me so bummed it will be so long until the next. Stay healthy everyone!,3
Wesley Matthee,2020-04-03T01:37:15Z,"Sorry, you guys missed the Epic but hopefully, you guys can get more time on your MTB's and come back next year. Dankie en vasbyt!",4
Mike Douglass,2020-04-03T01:19:54Z,These 2 inspire me to ride!,5
Rudy Elizondo,2020-04-03T01:11:00Z,Great vid,1
MrStjn,2020-04-03T00:41:19Z,Got so much love for Rapha and the EF boys. Chapeau 🚲🚲🚲,3
Bobby,2020-04-03T00:32:24Z,Great videos loved them all guys,2
Thelma Viaduct,2020-04-02T23:39:45Z,"Love watching these vids, honesty of the riders makes it worth watching. Thanks.",2
flippinchoons,2020-04-02T23:32:19Z,"Nothing but love and respect for y'all, you've given so much too cycling...an inspiration too all.",7
Ben Lent,2020-04-02T22:16:06Z,Miss you guys.,1
Werdna Liten,2020-04-02T22:04:42Z,"Been looking forward to this - hopefully, it can happen next year!",1
Scott McEwan,2020-04-02T22:01:10Z,"I love the gone racing series, because that’s exactly how I define cycling. I’m so thankful to everyone behind this! Ride on Lach and Alex 🤙",27
Alastair Wood,2020-04-02T21:58:52Z,Lachlan makes this series would be incredible without him. But he elevates it to another level essentially become his life story.,1
Stuart Henderson,2020-04-02T21:45:18Z,Fantastic Thank you all !!,1
Trey Webb,2020-04-02T21:40:16Z,Love this and the prototype Scalpel! #Bonus,1
Gordon Chaffin,2020-04-02T21:30:16Z,"Thanks to everyone involved with this team, the alternative calendar, and of course -- Lachlan, Alex, and the others.",5
monrezee,2020-04-02T21:24:21Z,Y'all know Lachlan Morton is Bad Ass.,3
Niklas,2020-04-02T21:13:35Z,"This is great stuff, and you didn’t even get to race. Says a lot of you ask me! Keep it up 🤙🏼",2
Kazimir Smith,2020-04-02T21:13:13Z,this was great.  hope there's a part 2 from next year when you actually get to do the race.,4
TheFlyinlow23,2020-04-02T21:02:56Z,:((( really wanted to watch the race,1
GURU IMC,2020-04-02T21:00:32Z,Love it!,1
01FozzyS,2020-04-02T20:59:35Z,"Whoa,Lachlan's lack of hair!",0
Rapha Films,2020-04-02T20:53:19Z,Thanks to everyone who joined us for the YouTube Premiere of a slightly different episode of EF Gone Racing. Lachlan Morton and Alex Howes were along for the viewing and answered questions throughout; scroll through the chat replay or check out the comments below for some BTS from both.,97
G Land,2020-04-02T20:47:01Z,"so good, thank you!!!",2
ydnar,2020-04-02T20:45:08Z,It is bigger than the sport. Well said. stay safe and return refreshed and ready to roll again. Thanks EF Racing for the balls to partake in the sport of  cycling full tilt !,42
Brett Park,2020-04-02T20:41:51Z,Hope this part of the sport grows.  And grows.   And grows.  Great narrative and fun to watch.  Keep them coming please.,20
Martin Turner,2020-04-02T20:41:46Z,"So sick! It’s got that ‘I WANT TO GO RIDE’ thing, that’s so hard to do. Well played everyone involved and well played to everyone for realising this is beyond cycling. Keep safe people. Much love",13
Richard Young,2020-04-02T19:42:42Z,I’ve got the fear and EF water bottle ready for the next adventure 👊🏻,5
Tyler Bockman,2020-04-02T19:38:58Z,Lachlan and Alex have you got any aussie alternative races planned?,0
Michiel Nooren,2020-04-02T18:14:09Z,Haven't seen movie yet...already clicked ""Like"" button!!!,1
Murray,2020-04-02T16:56:07Z,Pump it in my veins,1
EF Pro Cycling,2020-04-02T16:38:25Z,Reminders are set. We can't wait for the premiere!,40
금개구리 -LIFE:RIDE,2020-04-02T15:21:03Z,I am looking forward to it !! !!!!!,1
alex howes,2020-04-02T15:04:45Z,Chat with y'all soon!,172
Rohisama,2020-04-02T14:57:59Z,Hmm...Start is early morning in Japan,0
RA Köhler,2020-04-02T13:15:51Z,the race,0
Steve Brewer,2020-04-02T10:25:11Z,tick tock! Can't wait.....,3
Gomez Zach Eduard S.,2020-04-02T10:09:07Z,Can't wait!,3
