Daniele Milazzo,2018-06-01T23:22:08Z,What’s the polo worn at the 3 minute mark?,0
breathestrongcycling,2018-06-01T09:34:25Z,The nibali song was a gem 👍❤️,1
Omar Tan,2018-05-30T15:06:00Z,No clips from Stage 19? Bummer,0
Conza,2018-05-29T12:12:38Z,Quality gents!,0
J.Flecha,2018-05-29T09:21:03Z,Thanks for the Capo! Love you too. See you at the Tour,1
Robert Renteria,2018-05-28T18:46:00Z,Cool!,0
David Gardiner,2018-05-28T16:59:22Z,What happened to Juan more minute? Not the same without him,5
Thomas Matta,2018-05-28T13:05:50Z,magnifico viva Italia........,1
