Anil Sharma,2022-01-30T05:18:42Z,I watch the videos for that beat,0
BLWNOVA,2022-01-27T01:03:34Z,Knock it off with the facking background music so we can hear the riders speaking,0
tom chad,2021-12-20T13:56:34Z,hero,0
grammaticus,2021-11-26T00:12:31Z,"Two years later, and still no one is actually sick of hearing Lachlan Morton talk about this $h1t lol.",0
Adapt and Overcome Outdoors,2021-11-04T15:57:55Z,What model POC helmet is that?,0
BASE,2021-09-18T07:57:15Z,Oooft! Done it again guys! Great work 💪🏻,0
Alan Johnson,2021-04-14T06:38:42Z,4th place makes you an honorary Yorkshireman!,0
P1les956,2021-02-15T22:52:56Z,Ace!!,0
Tom McClean,2021-01-06T19:50:52Z,Lachlan is an absolute legend. Keep up these odes to cycling,0
Michael Daniels,2021-01-03T17:32:55Z,"Such a great ambassador for the sport — these videos have been so incredibly therapeutic this past year, thanks!",0
Rob W.,2020-12-10T11:41:17Z,Lachy needs to do an alley cat some day,0
John Makin-Shaw,2020-10-30T17:16:50Z,Lachlan - we're definitely not sick of hearing you talk. I love watching this shit. I hope you get to finish your business with the Cape Epic in 2021!,0
The Chronicles Of Jorge Him,2020-09-28T13:33:05Z,whats the little camera you use?,0
tony lochner,2020-06-28T10:26:53Z,"Well done EF team , amazing pro team you guys are.",0
nemo nemo,2020-06-22T13:26:07Z,does Lachy ever blink?,0
MischkaSi,2020-06-21T12:14:09Z,What an epic ride :),0
0RANGOTANG,2020-06-11T22:45:39Z,I want that hat,0
FULL GAS JAXON,2020-05-23T16:08:19Z,Phenomenal effort from every rider lauchlan i just sat in my taxi from start to finish with a smile on my face & thought how yourself & the great Lael Wilcox would be outstanding doing this race 😂😂🏴󠁧󠁢󠁳󠁣󠁴󠁿🏴󠁧󠁢󠁳󠁣󠁴󠁿🚴🏻‍♂️🚴🏻‍♂️🏴󠁧󠁢󠁳󠁣󠁴󠁿🏴󠁧󠁢󠁳󠁣󠁴󠁿🏴󠁧󠁢󠁳󠁣󠁴󠁿🚴🏻‍♂️🚴🏻‍♂️🚴🏻‍♂️🚴🏻‍♂️🏴󠁧󠁢󠁳󠁣󠁴󠁿🏴󠁧󠁢󠁳󠁣󠁴󠁿,0
mark james,2020-04-25T16:14:02Z,"A lot of people were not sure when JV suggested this alternative calendar. Looks like he totally called it right, especially with the charm, skill and entertainment Lachlan brings. He's also a pretty decent bike rider :-)",0
Norman Saunders,2020-04-19T07:55:46Z,"Morton is a superb embassador for cycling in general and I love what EF are doing in trying to connect grass roots cycling, with us mere mortals, to the elite echelons of the sport. Lachlan Morton, with Alex Howes and team EF are doing a great job here and I hope some of the other pro peloton teams take up the idea.",1
Ben Brawn,2020-04-15T13:25:16Z,Smiling during bike throw. Classic!,0
Bobby,2020-04-12T13:17:18Z,"Freaking loved this video, keep this stuff up EF, Rapha, and especially Lachlan!!",1
SDE,2020-04-07T10:55:51Z,Wow! I did the walk and that was tough so this is just different gravy!,0
Suresh Chinnappa,2020-04-04T11:36:36Z,That was awesome Lach!  Well done!,0
If Only,2020-03-05T13:44:23Z,Peaks ? Where ?,0
Frits dK,2020-03-02T01:46:33Z,"Lachlan, WOW!!!",0
L D,2020-03-01T16:31:23Z,His enthusiasm on the bike is a joy. What a guy.,0
Richard Stringer,2020-02-12T10:41:47Z,These mini documentaries are a breath of fresh air and I really hope you continue with this in 2020.,0
Mike and Em outdoors,2020-01-21T20:54:29Z,I was hoping I would see myself and family in that film as we were walking up wernside the day of the race. Great viewing anyway.,0
Matt Live2roam,2020-01-16T21:57:02Z,"I absolutely love this, proper inspiring riding and people. I just hope the pro tour world don't latch on and turn it into something it was never meant to be.",0
Pauwel JDM,2020-01-15T15:49:25Z,Most inspiring pro in the field!,0
Alex V,2020-01-10T22:20:42Z,RIP John Rawnsley,2
Nick Bulanda,2020-01-01T15:46:19Z,"I am definitely not sick of hearing Lachlan talk about this, hope it continues.",0
Byron C,2019-12-23T20:37:19Z,I am glad Jeremy Corbyn ditched politics for cycling. I am sure he's a lot nicer fellow now. Cheers Jezza,0
myminx,2019-12-08T20:36:48Z,EF this rocks !!! Love it ! More please !,0
Jimbo Rainbird,2019-11-25T11:21:16Z,I am so NOT sick of hearing you talk,0
AustinToDallas,2019-11-12T01:49:05Z,Hell yeah!,0
Trevor Hayes,2019-11-09T15:38:41Z,"""... and if you don't, there will be a little bit of bother.""  Classic understatement. Love it!",2
Ethan Hayes,2019-10-24T19:57:06Z,The alternative calender took me from absolutely hating the fucking world - to just riding my bike for mad fun like a kid. Lochlan is an absolute legend.,0
shayne compton,2019-10-23T00:37:43Z,I love these videos and could listen to Lachlan talk all day! Thank you,0
Matthew O. Sloan,2019-10-22T19:25:47Z,That was a really great episode. Lachlan's chilled-out enthusiasm is infectious! I'm off out for a ride on my hardtail mtb now. Up UCSC trails and down to the ocean!,1
Billy Mantani,2019-10-21T18:29:41Z,I'm totally stoked on all of these Lachlan vids! Keep em coming!!,0
lee dorney,2019-10-20T22:38:04Z,"I've done quite a few breaks in Yorkshire and the people are great 🙏 that countryside is brilliant also, went to that viaduct in the middle of a crazy rainstorm and it's total full out up there.. serious terrain!",0
readikus,2019-10-20T19:32:43Z,These are an awesome set of videos. Try a 24 hour solo next year - like the Strathpuffer :),0
Affalterbach Brackley 1967,2019-10-20T15:58:37Z,This series got me out of my car.   Ride on !,2
Derek Kuhl,2019-10-20T15:44:32Z,"Let me add my voice. This series is awesome. Best thing for bike racing since the derailleur. EF has gotten more mileage out of this than all the tour victories combined. Brilliant. And Lachlan, you are perfect for this. We are absolutely not tired of hearing you talk. Keep it up, you are the best ambassador for cycling ever.",3
S G,2019-10-19T06:09:42Z,"Now that Taylor is retired, there is no doubt that Lachlan is my by far my favorite pro rider. Cheers mate.",0
Kevin Burns,2019-10-19T03:33:24Z,i wish Lachlan could stay young forever and race forever,0
Momentum Cycling,2019-10-18T16:22:48Z,Not sick of hearing you talk about cycling yet Lachlan!  I love your passion for the bike and for the cycling community.,0
Tom Long,2019-10-18T13:13:57Z,I love this whole alternative calendar thing you guys are doing. So cool seeing these guys competing in events which I could (if I was mental) sign up for in 2020 and give a try.,0
Alex Campbell,2019-10-18T11:04:57Z,"So, so good",0
Stefan R.,2019-10-17T15:25:18Z,missing Taylor Phinney :()))),0
Stefan R.,2019-10-17T15:24:28Z,"stop explaining, let the pictures speak.",0
Scott W,2019-10-17T13:11:44Z,Great video,0
Matt Delcomyn,2019-10-17T03:48:01Z,We’re not tired of hearing you talk Lachy! Great stuff. Keep it coming?!,0
Frank Kottwitz,2019-10-17T00:05:35Z,Love this stuff so glad EF Education allows and encourages riders to do these great events!,0
T O,2019-10-16T18:15:13Z,"This series is leading the way for how cycling teams should engage. Lachy is a hero, keep em coming!",8
Elisabeth Anderson,2019-10-16T11:37:11Z,Ah Lachy's the best! 😁,0
andrew bonhomme,2019-10-16T02:46:04Z,Well done EF on creating this alternative calendar. Been fantastic watching Lachlan and his personality shine with this program. Well done,0
Tim White,2019-10-16T01:41:50Z,"Wrong Lachlan, we love hearing you talk. This schedule is amazing and makes it so real for you to ride the same courses as us mere mortals. It makes cycling cool when someone like me can talk about DK experiences with someone like you. Love it. JV is once again breaking new ground for professional cycling.",3
Alan White,2019-10-16T00:05:31Z,EF have found something with this alternative calendar. I had the good fortune to meet and chat with the crew at Dirty Kanza this year and what a cool down to earth group. Cyclists connect with this. Well done lads.,1
clive king,2019-10-15T21:04:56Z,never stop giving back to cycling - awesome,1
nick fink,2019-10-15T06:38:39Z,"These programs are way , way better than watching world tour races.",0
Max Michelson,2019-10-15T02:32:49Z,Which bike doesn’t matter. Lachlan a ride any where rider what a champion. Thank you EF for allowing this to happen to get much closer to the cycling community,0
Andrew Bedford,2019-10-14T18:50:33Z,"When i grow up i want to be Lachlan Morton, oh wait im three years older already.",3
S J,2019-10-14T17:43:45Z,"I love how this series starts out and you get good exposure to Morton, Phinney, and Howes. Right off the bat, Morton was the only one worth watching IMO. He just had the right attitude about this alternative calendar and it was an absolute joy to follow. Cheers Lachlan!!!",0
Aaron Duel,2019-10-14T16:07:37Z,Absolutely loving these videos!!!,0
Andrew Monfort,2019-10-14T15:56:07Z,I love this series. I'm waiting for Lachlan to do No Country For Old Men (NCOM) in southwest Texas next year.,0
Tovvvija,2019-10-14T15:22:25Z,#fivestepsahead,0
Paul Stephens,2019-10-14T10:15:10Z,"Nick Craig, legend.",0
velo,2019-10-14T09:32:20Z,nice,0
BULIGNIK,2019-10-14T08:21:31Z,Welcome to Eposhire!,0
Jack Merrell,2019-10-14T08:16:40Z,Stunning. Had been waiting for this one since the alternative calendar was announced!,0
Chris,2019-10-14T07:56:58Z,Lachlan is so awesome.,0
z.browning,2019-10-14T02:13:41Z,"Kanza, Leadville, and Three Peaks in one year - how lucky to get to do three bucket list events in one season.",0
James McInerney,2019-10-13T23:14:03Z,These series are off their chops! Keep up the amazing videos Rapha.,0
Jon Rubel,2019-10-13T22:48:49Z,These races and films are amazing. Thanks for keeping  each one fresh,0
Mavisness _,2019-10-13T22:42:12Z,A-maze-ingChapeau to to the whole film production team.,0
Paul Johnson,2019-10-13T21:11:44Z,Wrong - definitely not sick of hearing you talk. You’re a legend!,0
Cruzanbum,2019-10-13T19:14:39Z,"Juxtaposed to Tour of Utah where there's ""no participation or community element..."" Americans, take note.",0
Gordon Chaffin,2019-10-13T16:50:53Z,"Thank you very much for doing this, EF and teach. I really really hope the team continues and does more of these events in the future.",1
Ben Handrich,2019-10-13T15:18:26Z,These are all so inspiring.  Tour Divide 2020!,0
Mech Head,2019-10-13T15:04:03Z,Are we going to see you in the sufferfest hillclimb in Taiwan? Great stuff! Thanks EF & Cannondale!,1
Terry Hudson,2019-10-13T11:29:09Z,"Please, please continue the alternative calendar next season!",0
Keith Klotzle,2019-10-13T10:14:28Z,"i just watch these videos you've done with the biggest smile on my face. it doesn't matter that i can't do these epic rides.  when i do the lame-a$$, flat centuries that i do, i think i still have the same elation and joy.  and certainly it encourages me to do more.  when lachlan talks about giving back, he's not making it up. he really is.  thanks to him and all those responsible for these vids.",1
Darren Fearns,2019-10-13T08:09:29Z,"The best video to date, chapeau EF, Rapha and Lachlan for the alternative 2019 race calendar, truly inspiring.",1
Ross Cadogan,2019-10-13T08:05:56Z,"Brilliant! Well done EF and Rapha, this has been a thoroughly entertaining series to follow all season. 👏🏻",0
Mark Batros,2019-10-13T07:15:48Z,"Lachlan!!  ---  Can you get Gus to join you on one of these rides PLEASE !??   Luv reading all these comments on what EF, Rapha and Lachlan are doing here. Absolutely awe inspiring",0
Richard Kennison,2019-10-13T06:49:48Z,"So good to see someone so passionate about a sport that is so diverse, and not afraid to be out of their comfort zone. We'll done Lachlan and EF You are truly an inspiration to cyclists everywhere.",0
gamby16a,2019-10-13T05:10:55Z,"Hiw can anyone not love Lachlan.  He's such a gnarly, goofy dude!Another killer vid, EF.  This series is phenomenal.",4
Jaspreet Sidhu,2019-10-13T04:25:19Z,These videos always put a smile on my face.,0
Anders Olson,2019-10-13T03:31:22Z,EF racing...new favorite cycling team.Rapha Films...new favorite film channel,0
Nick Bulanda,2019-10-13T01:31:51Z,I am instantly a fan now! Rapha keep these coming!,0
Michael Smith,2019-10-13T00:49:32Z,This guy is epic!!!!  EF cycling please keep this alternate thing going damn.  This will inspire people to ride bikes way more than any tour does.  These are accessible bike events that everyone can do.  EF please keep this going I love it!!! and love Lachlan Morton!! That is cyclocross LOL wow.,0
Tom Dwyer,2019-10-13T00:37:29Z,"Lachlan needs to be retained as an ""INFLUENCER""/Community rep, no matter what.  Love this shit.",0
thetalkingfly,2019-10-13T00:17:10Z,"Oh wow, another great bike race? video- no just a great bicycle celebration video. I dig this stuff and Lachlan is a fun dude to follow. Cheers, Steve aka The Talking Fly.",3
Matthew Widmyer,2019-10-12T23:50:45Z,I want to ride 24 hours with Lachlan Morton and then drink like ten beers with him. That dude is hilarious.,0
matteo santacaterina,2019-10-12T22:48:15Z,This is great,0
Tommy Angeles,2019-10-12T22:14:35Z,No click baits. Trials and tribulations what make this channel awesome.,0
Ralph Maddison,2019-10-12T22:04:48Z,Well done EF for supporting the alternative calendar. Great to see the riders racing these events,0
2 wheels r best,2019-10-12T21:44:11Z,Lachlan is proving to be a great off road racer and if he keeps on ne day he will be up there with Nick. Great video.,0
Paul Loknes,2019-10-12T19:50:45Z,Never get sick of Hearing Lachy. Quality,0
Ben Anderson,2019-10-12T18:48:03Z,I feel Lachlan's attitude and persona could convert the world to cycling. Another great vid,0
Paul,2019-10-12T18:35:12Z,"EF, Rapha, Cannondale, Lachlan you are all legendary to make this possible! This series embodies what cycling is about.",0
Álmos Bárócz,2019-10-12T18:29:43Z,It should be renamed as Lachlan Morton Gone Racing.,0
Michael Clark,2019-10-12T18:08:38Z,"Damn dude, sick finish!💪💪",1
Mark Brim,2019-10-12T18:01:38Z,This season/series has been so good man. Thanks so much to EF and Rapha for taking us along and long may this type of content continue ❤️❤️,1
Donald Ryder,2019-10-12T16:18:48Z,This has been a terrific series!,0
A Mc,2019-10-12T15:37:15Z,"Love, love, love the alternative calendar. More please!  Lachlan, you are amazing.  Rapha, welcome back.  EF Education, thank you for your sponsorship and returning me to the beauty of the sport.",1
Meat Popsicle,2019-10-12T15:27:13Z,Top three dudes come in like they're halfway through a coffee ride.,7
Al Edge,2019-10-12T15:05:54Z,"""And if you don't, there will be little bit of bother"" :)",4
CessnaacePVP,2019-10-12T13:58:58Z,These are the best!Thanks for sharing this with us.,0
Tom Massey,2019-10-12T13:48:02Z,Great video,0
Steve Clark,2019-10-12T13:45:57Z,That’s a great film and Lachlan’s joy at riding is totally infectious 👌❤️🚵‍♂️,1
J C,2019-10-12T13:16:47Z,"Lachlan Morton doing the alternative calendar and endurance events is awesome, Rapha Films fell headfirst into something, keep it up!",3
Davon Pointer,2019-10-12T11:52:52Z,I really like Lachlan Morton. It’s great he does such variety of events and puts himself out there. Beautifully shot film too. Chapeau.,0
4WDBearAus,2019-10-12T11:42:13Z,Just send Lachy on whatever ride he wants to do and share it with us Rapha.,0
Mario Mario,2019-10-12T11:27:14Z,Anybodoy knows who's the guy on a spanish champion jersey in the first few moments of the video? Thanks!,0
Colin Thompson,2019-10-12T10:07:04Z,"Top man! Such a proper cyclist, deffo earned dual Yorkshire citizenship 😀",6
Thibault Leheutre,2019-10-12T07:48:02Z,Please keep doing that ! Lachlan is such a cool guy !,0
Lee Dowling,2019-10-12T07:09:39Z,Fantastic video and event. Keep doing theses events EF great to watch,0
Baladev Saraz,2019-10-12T06:26:25Z,Lachlan the LEGEND!!! Thank you for inspiration!!!,0
Stu R,2019-10-12T06:14:42Z,"Lachlan, EF & Rapha have done amazing with the alternative calendar & Gone Racing series. Truly inspiring. The  3P is on my doorstep & its a brutal race. Respect to Lachy for his 4th place on a first attempt. Let’s hope other riders follow in his tracks & more pro teams adopt this approach. 👍🏻",0
Gaulois réfractaire en exil volontaire,2019-10-12T05:07:48Z,Another great video with the unique Rapha signature. Lachlan M is a super talented rider who wins race on and off road. Yet he comes across as a humble champion who speaks a good talk with a big smile on his face. That's refreshing!,0
Matt Bare,2019-10-12T04:52:34Z,Love these videos and Lachlan. Keep them coming 👍🏻,0
Thomas Manning,2019-10-12T04:51:29Z,"Can't we just hear him say fuck and shit? Rapha, why are you sensoring him?",0
Roy Kent,2019-10-12T04:16:02Z,"Oh yes, EF (Gone Racing tour), Rapha, Lachlan are the most relevant (for me at least), entertaining, motivating & only thing I look forward to on YouTube..",4
Roy Kent,2019-10-12T04:09:45Z,"Again...Brilliant! Yes, Lachlan is a frikin legend!!",0
Fysh,2019-10-12T02:57:56Z,Soooo great watching you do all of these ""non-mainstream"" events Lachlan and Rapha don't stop making these amazing films!,2
Chris van Buggenum,2019-10-12T01:34:42Z,We're not sick of hearing you talk buddy. Love these videos!,1
JROCKG23,2019-10-12T01:18:13Z,Awesome. So glad EF and Rapha are making these short films. I have really enjoyed all of them.,0
Jonathan Sweeney,2019-10-12T01:17:44Z,EF Gone Racing has become The Lachlan Morton Show and I fucking love it!,0
Gravel Chef,2019-10-12T00:48:18Z,"Epic, I'll say it again, the EF/Rapha alternative race program videos are awesome...please, please, please continue in 2020 :)",0
reprobate337,2019-10-12T00:39:11Z,Really cool that EF have entered a broader type of event this year. Loving these enough I'll be buying more Rapha,2
frank howard,2019-10-12T00:36:27Z,Very entertaining,0
Forrest Haggerty Channel,2019-10-12T00:24:39Z,Never sick of hearing Lachlan talk. Keep going! Your adventures are awesome and wonderful to watch!,6
Michael Stanley,2019-10-12T00:08:54Z,Absolutely legend. Just makes you want to go ride your bike again. What an inspiration 🙌🏼🙌🏼🙌🏼,0
Paul O’ Brien,2019-10-12T00:07:07Z,Amazing!,0
Kazimir Smith,2019-10-12T00:01:27Z,these videos are so great ... thanks EF and Rapha!,1
TigzPT,2019-10-11T23:29:06Z,Amazing job once again EF and Rapha! Lachlan hope to find you on the trails one day!,0
Alan Hill,2019-10-11T22:57:17Z,A totally awesome film that inspires me to get out on my bike I will never get tired of listening to Lachlan talking about cycling,3
graham gillies,2019-10-11T22:33:02Z,Kerry Macphee!,1
Milz FD,2019-10-11T22:22:59Z,"loved it, I would love to do the same ahahah",0
Deanna Edwards,2019-10-11T22:22:51Z,You are such an inspiration!,0
Road Glide,2019-10-11T22:22:36Z,Rapha should submit these short film works to the Sun Valley Film Festival. These are master works of art. I’ll bet it would win in it’s category. Wonderful pieces of epic cycling sojourns.,0
Marc-André Lavoie,2019-10-11T22:18:51Z,Morton for president,1
tommoelbommo,2019-10-11T22:09:38Z,50?! Chaps bro :),1
Joe Inglesfield,2019-10-11T22:04:23Z,Nobody’s sick of you bro,0
Adventures On A 700 Dollar Hardtail,2019-10-11T22:02:16Z,"I freaking love these guys. Just waiting for EF to enter a fat bike race, or enduro event.",0
MrStjn,2019-10-11T21:49:21Z,"Lachlan Morton, EF Education, RaphaI am not worthy!!!!!🚴🚴🚴🚴🚴🚴🐨",0
Paul Scoins,2019-10-11T21:42:07Z,These are just fantastic films. So inspiring and Lachlan (and everyone else in this episode) is an absolute machine.,0
N1ck0h,2019-10-11T21:37:30Z,Please continue this series!!!! They are awesome!!!,1
Paul Cargill,2019-10-11T21:29:01Z,MORE LACHY.,0
Stuart Clements,2019-10-11T20:39:27Z,"Loved the alternative calendar races this year, really entertaining, well produced videos.  Hope EF/Rapha contiune with this next year and get some more riders involved, bet Lachy can smash the 3 Peaks next year!",8
01FozzyS,2019-10-11T20:35:31Z,Lachlan the stud!,0
Phillip Trzcinski,2019-10-11T20:00:42Z,Really hope you carry this on next year EF and that other teams get involved.,5
Nick Humby,2019-10-11T19:58:09Z,"Another truly awesome film, thank you!  Two things - Nick Craig - total and utter legend, and no one is sick of hearing you talk Lachlan, more please!",1
Gary Onnen,2019-10-11T19:51:27Z,Thank you to EF and Rapha for one of the most amazing cycling short films to date. All of the alternative races have been the most fun to watch this year. Lackey is just the right guy for this . Looking forward to the last one and next year I hope. Again thanks.,42
Oliver Futrell,2019-10-11T19:50:42Z,epic,0
Richard Young,2019-10-11T19:38:49Z,"Lachlan, your a fookin legend son. I can't think of a better ambassador for cycling... #lovecycling",92
xevilpetex,2019-10-11T19:37:12Z,EF just needs to keep sending Lachy all around the world to do every weird race possible. He loves it and the fans love it.,394
Sam Cohen,2019-10-11T19:30:15Z,Ill never get tired of hearing Lachy talk.  Amazing videos!,1
Alex Grytsenko,2019-10-11T19:26:21Z,It looks like 5 degrees Celsius and that brown van with ""ice cream"" sign came right on time))))))),3
Mark Prinsloo,2019-10-11T19:24:53Z,This alternative calendar that EF Education have done has been the most inspiring thing in cycling for a long time and must have gained them a lot of exposure.  Lachlan you are a legend!,432
Case Farley,2019-10-11T19:14:41Z,Definitely not sick of hearing Morton talk about this - he is awesome and these videos make me want to go ride my bike.,0
Andrew Gates,2019-10-11T19:06:12Z,"I'm subscribing because these are great and I'm hoping for more! Please like, share, subscribe, and let them know that these are worth it to make because there's an audience for them.",1
Timothy Topor,2019-10-11T19:02:36Z,boys keep the content coming soooo good,0
Mr L Harrold,2019-10-11T18:55:03Z,Awesome,0
Matt Spencer,2019-10-11T18:45:04Z,Awesome!,1
Chris Jones,2019-10-11T18:37:38Z,When I saw Lachlan's name in the results in Cycling Weekly I hoped that EF/Rapha had made a film of it :),9
Sat Sang Khalsa,2019-10-11T18:34:22Z,"So inspiring! What a season - Tour of California, GBDuro, DirtyKanza, Leadville, Tour of Utah, Three Peaks! What's next?! Way to go Lachy!",13
E F,2019-10-11T18:14:14Z,this is fuckin stupendous.,0
Tom,2019-10-11T18:02:40Z,Hahah Lachlan winning that stage with those glasses (4:23) is pretty sick,0
John Senior,2019-10-11T17:54:06Z,"The way that Lachlan has brought the world tour to events with a smile and huge enthusiasm and humility has been really inspiring - an alternative calendar isn't for everyone but at times listening to Lachlan this year its really re ignited is love of riding. Thanks to EF, Rapha and the other riders...and I can now say I rode a race with a world tour pro...cheers.",2
Alex Kidner,2019-10-11T17:53:48Z,EF are onto a great thing here. I seriously hope that they continue the alternative calendar into next year!,133
Richard Coe,2019-10-11T17:40:31Z,"Loving this, and all the alternative calendar videos. Thanks Lachlan!",1
Zachary Smiles,2019-10-11T17:32:57Z,"It's been  great watching Lachlan's stories this year!!  Boy, road racing is going to be so boring to him now.",0
Aaron Hamlen,2019-10-11T17:19:01Z,Epic Lachlan Rocks. Thank You Rapha,0
Paul Busek,2019-10-11T17:13:40Z,"As always, absolutely superb!",1
Stinker Seb!,2019-10-11T17:06:41Z,"Hopefully these will continue on next year, love the alternative calendar!",22
Ken Daullary,2019-10-11T17:06:02Z,Lachlan is a absolute beast. I mean road racing the beginning and end of the season and all these alternative events that are so specialized and he’s dominating and almost placing in them his first go around. He’s also very inspiring and just a really cool humble dude. EF should sign him in perpetuity,34
Ted Parsons,2019-10-11T17:05:57Z,Yet another wonderful inspiring video!,0
Cesar Augusto Trujillo,2019-10-11T17:00:02Z,"So cool, Lachie!! You simply keep inspiring all of us while having fun and tons of great cycling efforts. DUDE: WHEN I'LL BE GROWN UP I WANNA BE LIKE YOU!!!",5
Werdna Liten,2019-10-11T16:58:48Z,"Epic!! The whole series has been - and have been looking forward to this one.And I agree when Lachlan talks about not having road teams, etc just teams that ride anything & everything!!",14
Duarte Caldeira,2019-10-11T16:55:33Z,LEGEND!,0
Bartłomiej,2019-10-11T16:50:27Z,Waaaay to short😉 great vid!,0
Mark Robinson,2019-10-11T16:48:17Z,Is it wrong to have a mancrush on Lachlan?,2
ydnar,2019-10-11T16:46:03Z,Lachy is the most enthusiastic entertaining cyclist online today. Every race this season has been epic.  Truly hope he takes a short recovery and get on with the next.  Great inspiration for the sport.  Thanks Rapha for another finely produced video of a kickass race. Loved the vintage footage also !,191
Miljan Stojiljkovic,2019-10-11T16:45:41Z,when is part 4 of outskirts supposed to come out? it was announced quite a while ago,3
Cheese,2019-10-11T16:40:08Z,5:03. Who parked that grey van? I just wanna talk...,32
X X,2019-10-11T16:39:21Z,Fecking awesome,1
Owain Zerilli,2019-10-11T16:30:10Z,Another great video EF! Do you know if we will be able to get the full soundtrack's used this year by Builder's Tea?,2
FlyWithMe666,2019-10-11T16:20:33Z,0:39 Did the guy just throw his bike over the other guy in the water? 👍 I bet you’re a star in your local CX club when you start throwing your bike over people in a carry section. 🤣,73
S S,2019-10-11T16:10:18Z,1rd,0
