I Blow SnotRockets Mofoki,2020-11-08T02:50:26Z,Why doesn't Alexis Ryan ever win any races?,0
Karl Steven Lew,2020-06-23T10:30:59Z,looking for the background music. who knows？thank you！,2
The Cyclist,2020-06-13T04:24:13Z,"What you said is True, Cycling takes your thoughts to a different level. Specially when you are riding alone. Awesome, #TheCyclist",0
emercxkcorsa,2020-03-07T03:51:53Z,"Hey Rapha, if you want to show empowered and strong women, why did you choose to film them in their underwear? Major oversite on your part. Grow up",14
brianmcg321,2020-02-13T05:49:10Z,Anyone else waiting for a pillow fight?,3
cody.8,2020-02-11T14:19:51Z,0:07 she is so sexy,6
A A,2020-02-09T11:13:25Z,This is cringey,18
WATARU CH,2020-02-08T07:42:20Z,Where is this place? They are very cool.,0
David O Brien,2020-02-08T04:43:52Z,Y'all gotta do some psilocybin together 🥰,11
Michele Coni,2020-02-07T20:11:25Z,"Are you wild, women? AAAAAAAAAUUUUUUUUHHH!!!!! AU AAAAAAAAAAUUUUUU!!!!!",1
Eli Friedman,2020-02-07T19:03:11Z,Hey that’s an improvement I gues,1
Petr Macháček,2020-02-07T17:08:25Z,What is the reason of re-upload? The previous song was much more intense!,7
