powerofpositive,2023-01-26T02:11:09Z,"Wow, he's a good artist!",0
Ari Lehman,2022-09-21T02:26:56Z,Please offer bike jerseys based on Klier's paintings.,0
Daves Basic,2022-08-01T20:45:18Z,9:08 what are the trousers he has on here ?? They look good,0
Cathy Chauner,2022-06-23T14:19:37Z,Great story. Great film.,1
Oli,2022-06-17T10:53:50Z,What is the name of the little music in the background? :),0
Grant Lundberg,2022-06-16T22:10:20Z,Great piece!,0
Bernard Wind,2022-06-14T22:13:52Z,If you watch the Y/tube Ronde races Andreas Klier's calmness in the midst of racing is striking. His leadership style is easy to rally around making him the exemplar of cool. Learning from this vid about his painting output demonstrates his left and right brain thinking and the clarity it lends cycling,3
Gary Bird,2022-06-12T12:47:53Z,"Clearly a cerebral type of DS, the subtle encouragement and getting the riders to believe in themselves.",0
Edgardo Rodriguez,2022-06-12T03:04:17Z,I would love to see a special edition Jersey with some painting by Mr. Klier in the near future.,8
edmasamo,2022-06-09T06:07:10Z,"those paintings are really good, maybe a collab jersey!",17
monrezee,2022-06-08T19:24:06Z,Andreas Klier is a certified Bad Ass,0
Le Coffee Ride,2022-06-08T18:18:18Z,Great story & great edit 👍🏼,2
Annabel Soulier,2022-06-08T07:15:18Z,"A good Guy he knows cycling and how to race with heart, mind and will 😉💪👍👍👍",6
Logan Jones,2022-06-07T18:01:57Z,Damn let’s get Andreas to do some of the limited EF kit design!!,41
Nick Hardin,2022-06-07T17:23:20Z,anyone know where the location is? Like of shots by the water,0
JS Greffe,2022-06-07T16:18:49Z,Is it just me or NONE of the racers seem to even have the slightest interest while he yap and yap ? I’m sure this explains why this team is going nowhere…I know how to lose. Yep! and your transferring that vibe to your team.,3
Fabian Fuentes,2022-06-07T06:06:15Z,Excelente saludos 🇲🇽,1
Massimo Serafini,2022-06-06T21:45:41Z,What a fantastic artist!! 👌🏻,12
Uli Fluhme,2022-06-06T20:38:51Z,"Klier never raced clean, he started charging as a junior. At least, JV, you’re honest and not pretending.",2
ACDC.,2022-06-06T20:35:23Z,SECT,0
Eric Hightower,2022-06-06T19:04:09Z,Think clearly: drop Strickland from the brand.,7
Wiggle,2022-06-06T19:03:26Z,As always an absolute belter 👊,4
