Miss Misteria,2019-02-23T22:51:26Z,Esta bueno.,0
Mindy Chan,2018-07-20T07:40:23Z,Meditation on the motion and two-wheels. Heck! So true.,1
Yifeng Wang,2018-07-19T07:29:18Z,exactly,0
rabbitlemon,2018-07-17T15:08:57Z,love this - keep up the good work of spreading the word :),0
Steve White,2018-07-17T14:48:08Z,"Thank you for all the motivation thru out the years with these great videos! Something as simple as that, can get you back on the bike 😁. By simple I'm referring to this video (Clear your mind) . Thank you, and cheers 🍻",0
