CW,2022-05-09T19:51:47Z,"Despite continued asking over the decades, so-called 'Icelandic Dick' Phillips claimed all the photos and  rock samples collected on the 1958 trip were ""lost in the post"". They only emerged once photographer Raymond Bottomley dies and Bernard Heath in a care home, 60 years later. Where did Ron acquire the slides and photos taken by, but denied to Raymond Bottomley...",0
CW,2022-01-06T19:53:51Z,"There is a folder containing letters, newspaper clippings, accounts of supplies etc for the organising of this trip. This was before Ron was involved. It is such a shame that this video was not made when Raymond Bottomley and Bernard Heath were still alive.",0
dan glenzig,2021-12-24T07:22:12Z,Ron is a legend,0
Ron White,2021-11-04T11:34:00Z,"Ron, and his like, are the true pioneers and heroes of cycling to me. From a fellow Ron I salute you and you have inspired a misanthropic 62 year old. Chapeau.",0
PhotoBook Cafe,2021-06-23T22:27:39Z,amazing,0
Liz Rose,2021-05-27T18:59:57Z,absolutely beautiful <3,0
BASE,2021-05-27T09:30:27Z,Chapeau. So so good.,0
Jonathan Greever,2021-05-21T18:50:13Z,"Simply beautiful.  A peaceful, quiet life, well lived.  Indeed a great way to spend a life :-)",0
Munz Media,2021-05-18T17:15:48Z,The power and persistence of the human spirit is an incredible thing!,0
Unaidedfoot3531,2021-05-15T22:26:40Z,"When someone says a person is badass this fella is who they are comparing them too to get that title. Thank you for sharing these amazing stories of pure adventure and sisu.🇨🇦“ It never, always gets better” is the old ultramarathoner mantra and applies to all of life’s sticky points.",0
ben mw,2021-03-15T12:57:52Z,"What a wonderfully life-affirming and beautifully shot video!  Wow!  Thank you, Rapha!  Please put all your films and videos up here - still not all the Festive500 are here :(",0
Manuel Calleja,2021-03-14T05:48:00Z,"Imagine the bikes, the gear and clothes they had back then compared to what's available to us now. True warriors.",0
Brian Bailey,2021-03-08T19:27:46Z,Beautiful work,0
kingoffifa,2021-03-08T17:03:42Z,"rapha film, lidl jacket. witty witty man :)",0
derek perkins,2021-03-07T10:11:24Z,A wonderful spirit.,0
Louise Richards,2021-03-05T09:18:58Z,"I'm forever amazed at the RSF. Pioneers, Adventurers and Icons are the words that come to mind.",0
Alan Johnson,2021-03-05T06:30:42Z,Fucking epic!,0
Gravel Compromise,2021-03-04T11:17:22Z,""Toughen you up maybe""What a hero.,1
Jeffrey Robbins,2021-03-04T02:58:17Z,Absolutely outstanding way to spend the moments before calling it a day.,0
Kevin Shea,2021-03-04T01:07:56Z,What an impressive man I'm 60 he's my new idol amazing,1
Paths2Go,2021-03-02T22:52:03Z,Love this! thanks for making these inspiring documentaries!,0
The Yorkshire Pudding,2021-03-02T22:13:01Z,"1:50 take a screenshot and read that. Something truly inspiring, sad, yet so totally wholesome and poignant in equal measure to see a life listed in such a way. What an incredible man, and what an incredibly full and well-lived life - with no sign of stopping the journey either! Would love to have a brew and a chat with Ron. Rapha, cap doffed to you for a fantastic feature of a brilliant human 👏",0
Anthony Gittins,2021-03-02T19:05:10Z,This was absolutely brilliant. Properly inspirational stuff.,0
Adam,2021-03-02T13:21:17Z,"I loved this video, thank you Rapha. I've been off the bike for most of January and February due to a health issue, and this video just whets my appetite even more to be well enough again to get back on - hopefully next week all being well!",0
Rab Wardell,2021-03-02T11:16:54Z,What a lovely film! Thanks!,0
Richard Edwards,2021-03-02T11:08:38Z,Huddersfield Star Wheelers member. Just goes to show there’s not a lot new in cycling. Riders were gravel riding way back. Love it. An inspiration.,1
wakweika felix,2021-03-02T07:03:53Z,This is a LEGEND! And he still rides his bike every week!,1
Grant Kaiser,2021-03-02T05:35:09Z,Inspiring. Thank you.,0
Justin Burgan,2021-03-02T04:06:03Z,Love these stories!,1
Richard Beasley,2021-03-02T00:37:28Z,Very nicely put together.,0
Jason M,2021-03-01T23:24:24Z,"Nothing hits more than him saying ""You might have a few problems on your mind, but once you get out on the bike, you forget all these things"" 👏",16
Krooks44,2021-03-01T21:29:01Z,wow!,0
Tim Fitzwater,2021-03-01T15:20:14Z,Another fantastic video.,0
James Sherwood,2021-03-01T12:44:41Z,Incredible film!,0
I Blow SnotRockets Mofoki,2021-03-01T12:16:51Z,"I'm 64 years old and this guy gives me hope that I can continue cycling for the next 20, I hope so anyway because I just spent $10,000 on a new custom built bike.",1
Farside Studios,2021-03-01T08:45:43Z,These videos are everything,0
Robert Kerner,2021-03-01T01:43:55Z,They were bike rafting in ‘58!,0
srs31014,2021-02-28T20:22:43Z,Love everything about this. Thanks for making it.,2
thetalkingfly,2021-02-28T20:17:02Z,Made me smile. Rapha you make great videos -haha so true. Steve,6
George Dach,2021-02-28T19:26:50Z,Love it Ron,0
Steve Clark,2021-02-28T19:13:29Z,‘Build a bit of character’ 🥰,2
M Botham,2021-02-28T19:13:04Z,Pause the video when he pulls out his diary. Unbelievable.,2
M Botham,2021-02-28T19:11:57Z,I would much prefer a Jersey or t shirt honouring people like Ron Bartle 🤘,0
RaYzZaaa,2021-02-28T15:14:54Z,"Well, I guess its time to put some money in the bin for a flight-ticket for Lachlan to Iceland.",4
Karla FLR,2021-02-28T14:53:40Z,Genial !,0
Eloy Anzola,2021-02-28T09:03:29Z,Yes,0
Paul Shilton,2021-02-28T08:57:06Z,What a legend. Great short vid Rapha. 👌🏻👌🏻,0
Will Boyes,2021-02-28T08:33:32Z,"Brilliant stuff!!  Really good to see this, especially as Bernard Heath and Raymond Bottomley were both founding members of our club, Huddersfield Star Wheelers!",8
Lettoch Films,2021-02-28T07:52:55Z,What a story. What a pioneer. Puts my LEJOG ride in 2019 into perspective - LOL. Note to self - 'must do more touring'. You're an example to us all Ron Bartle. Chapeau.,0
Michael Richards,2021-02-28T07:45:47Z,"Love the comment about having a few problems on your mind, but once you get out on a bike you forget all these things 😀",5
John Fulton,2021-02-28T07:33:50Z,Great film and Ron explains what riding a bike is all about.  Best Rapha film yet.,2
conneeps,2021-02-28T00:44:27Z,Me: trying to make my rear der work with a 50.Ron Bartle: “fixed gear”,23
Barney Anderson,2021-02-27T22:35:38Z,What an inspiration,0
David Pancerz,2021-02-27T21:41:51Z,Wow. Just wow...,1
eric moss,2021-02-27T19:18:09Z,"How was the reliability of tires way back then?  Were they built more robustly than they are now?  It seems like people are flatting at least 4x per Rapha ride, but that would have killed everyone in that 1958 attempt, let alone the 1933 attempt.",0
C345 OFR,2021-02-27T18:40:11Z,"Oh, and I would love to have done the one in 1957. The rest sound a little too cold for me!",0
C345 OFR,2021-02-27T18:39:32Z,"The screenshot of his 'palmarès' at 2:04 is something to behold, not just for the touring  - look at the right-hand column: he's beaten cancer and overcome an aneurysm, too!",18
Richard Burrows,2021-02-27T17:53:01Z,"Brilliant film, thank you 👍🏼",0
Boomsmithy79,2021-02-27T17:14:59Z,Wonderful film 🙂 I hope I can look back at my cycling adventures one day and they'll be half as good as those. ❤️,1
RR,2021-02-27T16:09:55Z,"Brilliant story, incredibly inspiring.  Just shows that life is about adventure and creating amazing stories.",1
Mr Furmston,2021-02-27T15:25:02Z,"Oh, Rapha! What an absolute delight to watch. This is why we do it. This is what makes all the pain and punctures worthwhile. Almost brought a tear to my eye. Almost.",2
Alban DB,2021-02-27T13:23:00Z,Legendary 😍,0
Retro Bicycle Junkie,2021-02-27T13:17:02Z,Very moved and inspired by this. Great work 🚲🔥😎👍,0
Eric,2021-02-27T11:13:04Z,"Mind blowingly well made and edited, what a great adventure and what a great guy.",0
Calvin Marwood,2021-02-27T06:55:35Z,Keep trying. Keep going.,0
Matt Spencer,2021-02-27T05:39:35Z,Brilliant,0
Vitali Plisiuk,2021-02-27T05:04:52Z,вдохновляюще💪,0
CokeBottles,2021-02-27T04:11:49Z,So good. Loved this,0
Jim Carolan,2021-02-27T04:03:33Z,Life well lived!,0
Padyak Exploration,2021-02-27T02:37:08Z,Brilliant film!,0
James Herd,2021-02-27T00:31:55Z,Brilliant I love this I have a lot of catching up to do at 71,13
Nintone,2021-02-26T23:35:35Z,Living legend!!,1
Stephen Williams,2021-02-26T23:09:29Z,Chapeau,0
Mike SJ,2021-02-26T22:53:01Z,Cinelli Splash Black and Red Cork Tape! He's got good taste!,3
Earth Boy,2021-02-26T22:43:48Z,4 days across rough seas then the adventure starts...legendary Ron !,2
Frank Louis Cycling,2021-02-26T22:39:08Z,What a legend... Respect ✊🏾,1
mntbike loui,2021-02-26T22:25:49Z,Amazing....what an adventure. I'll use his story for motivation,0
Matt Fenn,2021-02-26T22:23:25Z,Chuffing magic!,0
Dan Jenkins,2021-02-26T22:16:01Z,Superb!,0
Wild Outdoor Living,2021-02-26T22:09:13Z,I basically have two goals in life: 1. Prioritize my family and friends and maintain loving and caring relationships 2. Ride my bike as long I live.This man is living the dream.,74
Peter Forde,2021-02-26T21:53:33Z,The best Rapha film.,1
Richy Coles,2021-02-26T21:37:01Z,Who the hell is disliking this! The guys is an inspiration to us all. Well done Ron. 👍💪,1
Youssef Glover,2021-02-26T20:39:24Z,There are no better cycling documentaries in existence than the ones Rapha make,40
René Kjær Nielsen,2021-02-26T19:54:35Z,I have driven that road... In a Big ass defender. He is a absolute mad lad. Imagine riding through the interior of Iceland on that old School gear. This movie somehow make me stop and Think if im on my right patch,6
pol sifter,2021-02-26T19:42:47Z,No honestly I’ve just got a bit of dirt in my eyes... 😢,9
Shane Williams,2021-02-26T19:41:30Z,"Ron Bartle, what an excellent cycling ambassador. Chapeau Ron and Rapha for telling his story.👏👏",3
highway to health!,2021-02-26T19:37:19Z,Original badass cyclist!!!!,0
Jeremy Allen,2021-02-26T18:51:04Z,Inspirational and next time we think about not going for a ride that is the face and the words to get us out,0
Cristian Hamed / Le Domestique,2021-02-26T18:22:56Z,wonderfull......,0
Michael Butler,2021-02-26T18:21:03Z,Interesting and inspirational film.,1
Robert,2021-02-26T17:57:57Z,Absolutely inspirational!,0
G W,2021-02-26T17:34:03Z,This is what it feels like after not training all winter and you go for a local ride in the spring,38
Wiggle,2021-02-26T17:29:51Z,Absolute Hero! Chapeau Ron and cracking film from Rapha as always 🤙,18
mmau,2021-02-26T17:29:49Z,Inspiring,0
Josh Pearson,2021-02-26T17:27:45Z,Perfection 👌,1
Thomas Marker,2021-02-26T17:26:15Z,"I love Rapha Films, i got back on the bike thanks to you 8 years ago, Thanks.",7
Rich Martinez,2021-02-26T17:24:07Z,""It's a grand way to spend a life.""    Indeed.,180
Neil Allard,2021-02-26T17:24:03Z,"What a guy, brilliant film.",26
Gary Onnen,2021-02-26T17:18:34Z,That was awesome! Thanks,0
Scott Bert,2021-02-26T17:15:31Z,That is the greatest weather vane I've ever seen.,1
koko123,2021-02-26T17:07:53Z,👍🏽👍🏽,0
