Ryan ,2022-04-22T07:27:58Z,that ending chord,0
Ryan ,2022-03-04T04:16:37Z,I watch these videos a little too much,0
Fake Scars,2021-10-05T00:02:26Z,what bicycle is that? anyone? thank you and have a nice ride,0
moreseun,2021-07-15T18:55:27Z,"Needed more riding, great sound design though 👍🏼",0
Erik Douds,2021-06-29T21:15:52Z,That was the dopest trailer to what I hope is a full film. Barely saw a bike and that is what made it great.,0
OrangeJDB,2021-04-17T20:06:53Z,💛💛💛,0
Carlberto,2021-02-28T23:38:45Z,Tacolamdia,0
The Beard Man On Cycle,2020-10-23T06:41:34Z,"I am in love with these soft color tones and stylization, are there any tutorials for this?",1
Hans Hund,2020-07-26T20:05:15Z,"WOW - I think I've seen almost everything of rapha films, but this one might be my favourite. Thank you!",3
Matt Spencer,2020-05-06T17:07:46Z,The bicycle is the cross fader! Love it,1
fcmilsweeper9,2019-05-20T22:12:31Z,This is one of the best descriptions of LA I've ever heard. What's the music with the accordion?,11
Adrian Maurici,2019-04-25T12:17:03Z,Loved this 👌🏽,0
Matt Lee,2018-10-28T13:33:52Z,What song is playing at the end of this? It was stuck in my head on a 15 hour flight to Hong Kong and now it's my mission to figure this out. Help me out. :),1
Kara Bru,2018-09-30T10:53:34Z,"Hello  everybody, would you like to ride  the Tour de France roads,  please take a look at  www.altitudecyclingtours.com  and  you are welcome!",0
Mathias Centurion,2018-07-30T10:50:28Z,Really amazing video!!!,0
DosWheelsBetter,2018-05-23T02:03:48Z,Commiefornia,4
jbird Perez,2018-03-29T23:32:53Z,greetin from East Los Angeles ... great film you hit it right on ! ! Awesome ! !,1
Brazuca Real,2018-02-06T03:29:51Z,"LA is a shit hole. A total shit city. There is nothing special about this city. The climbs outside LA are great, but read again: outside of it.The bullshit about snow and summer is just a made up crap. Yeah, you can drive up high and see manmade snow, then you can drive back to the city, big deal... this city is where the only shit they eat is burritos and tacos. What a shit city. It is ugly, it is not clean, it has ugly buildings, no charm, with a few exceptions. Check the video, those square buildings are not modern, they are just ugly from terrible architects",1
psp2005,2017-11-08T01:21:27Z,Ride Pittsburgh!,0
Camper Dave Lifestyles,2017-10-11T11:41:52Z,"I recently faded into the fabric of uninspired and lazy society.  A far cry from the wake up at 2am and ride my bike 30 miles before work me. After watching just a few of these vids, I have to admit... that you capture that moment. The true moment that a cyclist captures along a beauty filled ride. That is Freedom.  Solitude.  Peace.  Thanks Rapha. I will ride again. Starting tomorrow . Tonight I will charge my tail lights, and both of my headlights. I will air up my tires to a comfortable 100 psi. I will clean and then lube my chain. And then set my alarm for 2am. You made me miss cycling like a wife misses her military spouse. And for that... I thank you. Cheers .",39
Maren Svare,2017-10-02T04:16:18Z,"""How do you read a place by looking between the things that it appears to be?""  I think that's the best way to describe riding in any city, ever.",10
David Fischer,2017-09-19T17:41:22Z,Geoff McFetridge x Rapha ......worlds are colliding!,1
livibam,2017-09-17T07:08:27Z,"Been a big fan of Geoff's since the vandal collab with nike. Are you guys doing anything with him, prints, jerseys etc?",1
MarvRides,2017-09-17T03:10:14Z,lies....LA is not meant for cycling.....,2
George J Gilles.:,2017-09-16T07:05:44Z,The bicycle is a very useful tool.,1
