Fabio Mauricio Lozano Ardila,2023-01-27T05:59:31Z,"I loved this video, Lael absolute inspiration, the editing, the incredible sequence at minute 10:54, what a great cinematography!!!",0
Darryl Thomas,2023-01-04T14:00:17Z,Awesome video so inspirational 👏 💪,1
Joseph Prospere,2022-12-13T03:45:46Z,Rapha always providing us the inspiration to ""keep riding"". Thank You Lael 🙂,1
Hans Schotterradler,2022-12-06T00:37:52Z,"I can attest to the fact the Alaskans are willing to help out others:  I rode to AK back in 1992 up from Los Angeles.  I hit a couple of destinations such as Homer, Valdez, etc.  Awesome place.  Once I made it to Fairbanks, I decided to go up to Prudhoe Bay.  Unfortunately I ended up with a terrible tooth ache in the middle of nowhere, somewhere south of the Yukon.  A local gave me a ride all the way back to Fairbanks.  It was on his way; nevertheless he helped out a stranger in need.",1
Tarmac basher,2022-10-10T15:20:49Z,She looks a lot like Annemiek van Vleuten 🚴🏽‍♀️🚴🏽‍♀️,0
Cyclingnerd Delux,2022-10-08T15:00:24Z,Love the two fans standing on the side of the road in the middle of nowhere…awesome!!,0
Nic's Uploads,2022-08-16T20:54:06Z,Love it!!!,0
Pete the Pirate,2022-08-16T09:22:44Z,Great country.,0
Vishal Vishwakarma,2022-08-13T21:08:14Z,Lael is amazing. She is a very inspiring and humble human being.,0
Paddle Asia,2022-08-03T21:05:03Z,"Amazing effort, but why on earth would anyone want to visit that area?  Alaska looks miserable.",0
timothy angel,2022-07-12T02:14:12Z,What an awesome film and a wonderful achievement.,0
elvislives81677,2022-07-03T02:27:13Z,My new hero.  Wish everyone would know her.,0
1 Legged Adventures,2022-06-22T19:42:50Z,where are the FKTs kept?  how do you know who has the record?  who is the governing body for FKTs?,0
C.K.,2022-05-19T19:06:51Z,such a great woman...!,0
Danny Zuehlsdorf,2022-05-06T04:34:44Z,"Wine me, dine me, mile 69 me",0
Ben Rushing Sr,2022-04-30T18:54:21Z,Wow! Lael you are a awesome cyclist!  I look forward to meeting you one day! Ride On!,0
Gavin Maloney,2022-04-27T12:45:28Z,Lael. You’re more than an incredible ambassador for the sport. You’re amazing & inspiration for the planet 👊🏼,1
David DuVall,2022-04-08T22:57:40Z,What a awesome person!!!,0
C.K.,2022-04-04T19:48:34Z,🤩🤩🤩👍👍👍,0
Art and Prevailing,2022-03-23T20:11:00Z,What a wonderful film! Thanks for sharing - and thanks for the inspiration!! :D,0
TimpanoDeAcero,2022-03-14T17:26:03Z,What a piece of super woman!  always transmit good vibes! ☺️,0
Roberto Maldonado,2022-03-08T01:14:32Z,Had never realized how beautiful pipelines were,0
lilith strange,2022-02-21T16:51:56Z,lael wilcox is such a beautiful person.,0
mycoolcar,2022-02-14T08:03:28Z,Great video.,0
Mike Kilburn,2022-01-29T15:25:06Z,Young lady I think you're amazing between you and Ryan Van duzer there's no way I can lack for inspiration.,0
Chris Strider,2022-01-29T09:21:49Z,What a woman!,0
MegaWatermelon93,2022-01-19T09:36:19Z,Y’all need to urban dictionary alaskan pipeline…,0
Durango Devo,2021-12-26T04:04:54Z,Legend! We love you Lael! ❤️,0
GRAVEL1Brevet2CampingHOCKEYsnowHISTORY,2021-12-21T08:43:00Z,멋져 멋져 대단해!!!,0
Josh Healey,2021-12-20T03:50:22Z,Such a pleasant person,0
Angellos Malefakis,2021-12-18T10:16:07Z,It is inspiring. It shows the world that anything is possible. It is amazing.,0
Meriam,2021-12-10T12:49:26Z,"Welcome to 69 mile, no pun intended. Great going girl, nice to see a woman pushing the boundaries. I wish you many great miles on the bike.",0
Scott Sievers,2021-11-17T01:17:49Z,Fantastic film!,1
Jon,2021-11-10T07:51:28Z,Great vid. Thank you!,0
ultrarunner,2021-11-08T21:41:16Z,"Lael  is such an inspiration, and so enthusiastic. I 've only ridden over a hundred miles on four or five occasions, I love the way she chews up hundreds, in tough terrain with a smile on her face. What a fantastic ambassador for cycling.",0
Pedallin raw,2021-11-08T20:54:40Z,Great content......the loneliness and mental challenges of being an endurance cyclist 🙂👍🏻,0
Randal Bladel,2021-11-06T18:54:06Z,"Somewhere Lael is on a website where she details her whole kit, for those of you who are asking those questions.",0
Randal Bladel,2021-11-06T18:44:37Z,White Claw?  Really?  I’d already be falling off my bike.  No need for THAT “help”.,0
Eduard Herak,2021-11-06T13:43:09Z,❤️❤️❤️🚴‍♀️⛰🌞👍👍👍🌹🌺🌸,0
Luke van der Hoeven,2021-11-05T17:51:22Z,"The 69 mile people were dope. I'd love to see these vids list the bike specs for the rides, especially the wheel/tire and handlebar setup Lael was riding.",1
Pablo Velimirovich,2021-11-05T07:22:05Z,This was really inspiring,0
JP,2021-10-30T16:22:20Z,"Leal, don’t know if you see or read these comments but your attitude, determination and love for the road inspires me. I did my first 200 mile ride last year and thought of you. Thanks for lifting us up in the sport!",1
10after10,2021-10-29T23:04:44Z,The ALL LAEL WILCOX CHANNEL COMIN ATCHA 24 HOURS A DAY EVERY DAY!!!,0
Mykhailo Hryhorashyk,2021-10-28T18:35:04Z,That is amazing! Love it!,0
squishlefunke,2021-10-28T02:04:30Z,""The plan is to take my shoes off and go to bed"" this is the only aspect that I can relate except for me that's a 50 miler  🤣,0
Rob Ostry,2021-10-27T20:58:57Z,Great video--inspiring and beautiful. Well done to everyone involved.,0
Corey Golphenee,2021-10-26T18:13:05Z,I just wanna how many of her neighbors told her she was gonna die.,0
Corey Golphenee,2021-10-26T18:12:24Z,And I think riding in Washington is rough,0
Alberto Romero,2021-10-26T02:35:34Z,"saludos hermosa, que envidia de ruta",0
M N,2021-10-25T08:30:48Z,"This woman is an inspiration to all, a wonderful human being.",0
stuckyn,2021-10-25T00:40:03Z,What were the reasons for the ""construction"" stops ?,0
Kylie Ⓥ,2021-10-23T01:04:21Z,"FKT*    Or. . . FKT-Supported.    Lael just doesn't seem to care about the concept of self-supported ultra racing. It's annoying, especially when she tries to claim she really wasn't supported and then appeals to sexism. 🙄",0
xdSensis,2021-10-21T19:35:48Z,"Lael is an absolute phenomenon, so inspiring...  Alaska just looks jaw dropping",0
edmasamo,2021-10-21T05:48:55Z,watching this in preparation of Lachlan's Alt Tour d'France watch party tomorrow,0
FullTimeJob,2021-10-20T19:46:55Z,These videos with Lael are absolute amazing!,0
jay swavely,2021-10-18T05:11:44Z,I missed my chance for this type of riding.,0
McCue Noir Films,2021-10-17T10:54:54Z,Lael is an amazing and inspiring woman! Her attitude is awesome. What a perfect video to come across before my big ride today! Cheers!,0
Kix B,2021-10-16T23:12:02Z,Big ass cookies!,1
Bikes with Brad,2021-10-15T15:32:28Z,5:20 O M G the mosquitos!,0
unchewable1,2021-10-14T15:25:05Z,Love that you are doing adventures while creating ones for other people,0
wichersham,2021-10-14T13:01:20Z,I have ridden the Dalton highway from Fairbanks to Deadhorse about 20 years ago. It was SO HARD. I have massive respect for her endurance and perseverance.,0
abasta,2021-10-14T01:52:33Z,Val-deeeeeeze.,0
Jeremy Lawrence,2021-10-13T19:20:31Z,'Faster than oil' needs to be Lael's tagline.,0
Bruce Denis,2021-10-13T04:13:49Z,Lael's roadside fan club is getting so big it's starting to impact her FKT attempts.,1
Peter Smyth,2021-10-12T22:11:38Z,"That kid with the sign and the chocolate bar reminds me of a Paris-Roubaix themed event I did, with mud and rain to suit. At the end of a gravel sector there was a family waiting, and a five year old kid handing out flapjack.",0
Here For it,2021-10-12T12:40:08Z,Lael is such a rockstar.,1
Explore with Jack,2021-10-12T12:16:19Z,Well done! That's the spirit!,0
G Matsushige,2021-10-12T05:41:04Z,I continue to be so appreciative of Lael's great attitude. Aloha!,0
KO L,2021-10-11T21:46:12Z,Amazing achievement. What a ride 💪🏼,0
bluemystic7501,2021-10-11T19:13:43Z,Super pumped that you have an all female crew??  (2:53)  Why does that matter?  I just unsubscribed.,0
cycling world,2021-10-11T17:44:05Z,Will there be a russian version?)),0
bruce vreeland,2021-10-11T03:15:02Z,Go vegan please!,1
Greg Knipe,2021-10-10T14:48:06Z,"celebrating an ecological abomination with a bike race...  why not, really. interesting presentation, thanks Rapha.",0
Robert Botta,2021-10-09T17:12:28Z,Thanks Lael. Such an inspiration. You are the best!,1
Saifulbahri Hassan,2021-10-09T11:29:25Z,We all need a little crazy. This is good crazy.,1
Armin Korsos,2021-10-08T20:30:59Z,"A bit crazy and concerning that a $1,000 tent let in that much water at 7:38 , Thought Big Agnes was a bit better than that!",0
Michal Saidov,2021-10-08T18:22:49Z,such a brave woman :) ... like the idea of the trip,0
Tim Long,2021-10-08T14:34:53Z,"My kind of girl, gas station hot dogs.   Lol",1
PatrickJamesKiernan,2021-10-08T11:21:47Z,Incredible ride! Faster than crude oil! And a beautiful video!,0
kjl42,2021-10-08T04:29:09Z,"With me being lactose-intolerant, I feel like my refueling options for these types of rides would be a lot more limited.  Everyone has seen the images of Lael chugging coffee creamer; I would literally explode!",0
Dodging Lions,2021-10-08T01:59:18Z,just absolutely awesome!!!,0
TheoreticallyNo,2021-10-08T00:16:52Z,Super duper. Loved this little film.,0
Gualter Amaro,2021-10-07T22:05:05Z,"Lael is the best and I love her mindset when she's on a trip like this, so positive and inspiring!Also, this doc is perfect! The perfect lenght, beautiful shots, great editing, it showns just the right amount of different content, wow congrats! Kudos to Lael and Rapha!",12
Ellery Bice,2021-10-07T17:06:47Z,"Your scrip reading skill need improvement, and your support/film crew should coddle and feed  you better.",0
RalphWiggum4President,2021-10-06T22:01:39Z,Is Lael riding 650b or 700c wheels? :),0
Alban DB,2021-10-06T20:13:51Z,What an amazing woman!,0
Jim DeLong,2021-10-06T16:06:33Z,Big fan of this young lady!  Love the video!,0
Jean-Marin Grillon,2021-10-06T09:49:39Z,To follow the RCC ITL chapterhttps://www.instagram.com/rapha_rccitl/,0
Kip Hendry,2021-10-06T08:15:09Z,"Love it.  What a super embracable spirit.  Thank you for the zest, and thanks Rapha for this series.",2
Da Vee Day!,2021-10-06T04:04:54Z,Wow......... What a spirit just makes me smile so big........ Thanks!!!!!!!!!!!!!,0
greg,2021-10-05T16:47:34Z,Great job lael and team.,0
Paul Freeman,2021-10-05T12:25:23Z,"Incredible and inspirational, Lael -  always smiling",1
Kyle Jordan,2021-10-04T23:35:13Z,What glasses are those at 4:46? I need them in my life.,1
Rob Straka,2021-10-04T20:06:23Z,Awesome video. Really bikespiring! What  kind of tent setup is that? Fly creek with just the rain fly and footprint?,0
Andy Simpson,2021-10-04T19:50:34Z,fucking unreal. What a machine.,0
Noman,2021-10-04T11:39:40Z,❤️,0
Coreen Mazzocchi,2021-10-04T09:17:45Z,Lael is so amazing but this route definitely looks like type 2 fun.,0
Steve Nagy,2021-10-04T01:43:07Z,"Not sure what is more impressive, Lael’s amazing endurance or her phenomenal ability to eat ANYTHING while riding.",1
671967,2021-10-03T21:36:57Z,And she smiled the whole time!,0
Den Tantoco,2021-10-03T11:59:32Z,i love this. great ride. great vid. love it.,0
Андрей Ухабин,2021-10-02T19:29:14Z,Это видео очень крутое!,1
N W,2021-10-02T19:14:02Z,Bloody impressive. Well done Lael. But riddle me this Batman. At 12:29 into the video her camera person asks her the time. Despite having a massive fk off watch attached to her wrist she digs into her puffer jacket and pulls out her iPhone to look at the time. #delirious ?,1
Pieter,2021-10-02T07:08:31Z,"Flip I love Lael! Such a cool person, protect her at all costs!",0
Emmanuel,2021-10-02T04:47:49Z,Love this. Lael's energy and enthusiasm and genuineness is a gift.,5
Greg Schramm,2021-10-02T02:12:50Z,Wow congratulations,0
Katherine Frost,2021-10-02T01:48:53Z,What an amazing woman!!!,0
William Lebron,2021-10-01T20:40:57Z,Lael Wilcox your are so AWESOME in more ways than one. 🤟🏼 You are truly a great INSPIRATION .,1
lauiman,2021-10-01T20:36:44Z,Another fantastic performance - what a fantastic woman ! Wow ! Nothing more to say !,0
Márcio Marcao,2021-10-01T20:34:07Z,Awesome.  Lugares espetáculo paradise,1
David Whitlock,2021-10-01T18:45:03Z,"""We have some rhubarb crisp and some WhiteClaw"". That's actually a Sothern marriage proposal! Seriously though, excellent work!",0
Jason Mcgowan,2021-10-01T18:27:45Z,Great route idea,0
Wolf-Walker,2021-10-01T17:50:43Z,"Love it!A lot of people are afraid to drive the haul road, you cycled it. Keep riding Lael. Love ya!",0
Dan Herd,2021-10-01T12:57:13Z,Lael is an absolute legend,0
Dany Van Dudeson,2021-10-01T12:33:39Z,did she have instagram? =),0
Tanja de Bie - van Leeuwen,2021-10-01T08:46:32Z,"Fantastic production, I loved it. ""Eat like it's my job"" and ""show up with what you have and ride with all of your heart"". I need a sticker with those quotes on my bike! :-)",2
HeadPack,2021-10-01T07:12:42Z,"I don't know what's more incredible about this lady. Setting this amazing time, or seeing her wearing a smile doing it.",0
Rice Crash,2021-10-01T05:03:28Z,"What a lady, incredible.",0
Derek Albertson,2021-10-01T01:52:21Z,She is an inspiration.  Such a great video of an amazing warrior.  Incredible.  Thank you!,1
not dead yet,2021-10-01T00:26:12Z,Brilliant! I really enjoyed this!,0
Janne Blom,2021-10-01T00:00:09Z,You've got to accentuate the positiveEliminate the negativeLatch on to the affirmative,0
Norman Hayes,2021-09-30T20:01:37Z,"You are awesome. I suffered with you, laughed with you, and cheered you on.  Feats of human strength, courage, and fortitude make me feel special because it shows that we are greater than we ever hope to be.  Thank you for allowing me and everyone that has seen this video to get to know a very special human.  Never stop riding and never give up.  WOW!!!!",2
Kim Gauge,2021-09-30T19:13:54Z,As usual you're amazing!,0
andtheflyinglizard,2021-09-30T18:11:39Z,lael <3 what a legend,1
Mark Rattray,2021-09-30T18:10:02Z,Rapha Films - A Lael and Lachlan joint ride would be awesome,0
micheandmikey,2021-09-30T18:08:07Z,"This was so awesome and fun to watch! I'm so glad this algorithm actually pertained to my interests other than others they push my way. Lael, congratulations! 👏🏼👏🏼👏🏼",1
Robert Alley,2021-09-30T17:46:55Z,Bravery: eating 3 gas station hot dogs on a FKT attempt in BFE!,0
Charlie Groves,2021-09-30T15:30:52Z,She is so inspirational. What a cool adventure.,0
fraji1,2021-09-30T13:27:37Z,Nice Lael! Keep cranking girl!,0
Simon,2021-09-30T13:25:56Z,Another Great ride,1
justtestingonce,2021-09-30T13:22:54Z,On 4hrs sleep where does the energy come from?,0
HoofnIt03,2021-09-30T13:09:45Z,Wow! Thank you all so much for sharing this! And you beat the oil down the pipeline! Love that fun fact! 😁💖,1
YSL LSY,2021-09-30T12:30:08Z,"Lael seems to be have some kind of Brain Fog when she is riding too harsh, which I observed from my social worker profession. Like people having their weed. Dont push too hard girl, you should look after your body and really keep the nutrition and rest as planned.",0
Quek Shio,2021-09-30T12:22:33Z,Awesome~~,0
Willow Willow,2021-09-30T12:03:53Z,Interesting until it became about all female. You lost me there as up until that point I saw you for an adventurer not an agenda.,1
Christian Killeen,2021-09-30T09:24:59Z,Utterly incredible. Lael is my hero. She's inspired me to ride further than I could have thought possible. And the amount she had to eat! I like food but that's a tough pace to keep up.,0
Dein Schmerzmanagement - Innen wie Aussen,2021-09-30T09:06:30Z,Thank you! Love those true and honest videos.,1
Antti Tapio,2021-09-30T07:50:26Z,Greatly filmed epic ride!,0
Gary Hawkins,2021-09-30T03:26:19Z,So amazing. Drove this in 2019 up to Coldfoot then turned around due to time. Had already driven the Dempster up to Tuktoyuktuk and THAT was amazing. I would definitely love to go back and bike either. Such a beautiful area. Loved Alaska.,0
Racr Ecks,2021-09-30T01:20:33Z,"She suffers with a smile, what an inspiration, I just wanna go ride my bike now!",1
"Stilllearning ,",2021-09-30T00:50:53Z,So cool! You inspire with these great ideas!,0
Garry Shirreffs,2021-09-29T21:43:01Z,"Just makes  ya wanna go out and ride your bike lol , She is amazing :)",0
Martin Looter,2021-09-29T21:17:46Z,after the bacon i quit !,0
Shane Williams,2021-09-29T21:14:58Z,What a great achievement and so upbeat too. Chapeau Lael👏👏,0
Rob Berger,2021-09-29T20:07:07Z,"What an amazingly cheerful and up beat character. She’s suffering big time, sleep deprived and just keeps beaming. What a women. Huge respect",8
Colin Henning,2021-09-29T18:35:44Z,"This is incredible. Thanks to Rapha for keeping this amazing content coming! You're changing the world's view of cycling. I watched this on the turbo, and i've never been more inspired to continue cycling!",7
daniel lovett,2021-09-29T17:49:38Z,"Phenomenal, lael is hardcore and somehow keeps so upbeat, especially when she's riding alone!",1
Glen Gullickson,2021-09-29T17:46:49Z,"Just curious, is the Alaska Pipeline Road different than the ""regular"" road into Valdez? I thought there was a tunnel that cyclists were not allowed to use. Thank you. BTW, GREAT JOB!😄",0
Dr.Rennsau,2021-09-29T16:37:39Z,"very cool, nature is so beautiful!",0
Werdna Liten,2021-09-29T16:22:28Z,How good was this film - and how fabulous is Lael?  Such a positive person!,0
Garry James,2021-09-29T15:57:30Z,Fabulous effort Lael stunning riding so strong 💪,2
ridesantacruz,2021-09-29T13:24:28Z,Love Lael,1
Evelina Kamasheva,2021-09-29T08:22:44Z,This inspires me so much as a women in cycling and bikepacking thank you !!!,2
ted n ruth,2021-09-29T07:07:32Z,Positivity personified...in a perfect package 😍,1
Clint Wood,2021-09-29T06:39:21Z,"What’s epic adventure, a truely amazing lady 👌👌",2
Wes Floyd,2021-09-29T03:05:50Z,Does anyone know which kind of bike she rides?,0
Alexander Kuhn,2021-09-29T02:57:34Z,Lael is the best to ever do it,0
Claire Northall,2021-09-29T02:05:31Z,"Awesome footage! I spent this past summer in Alaska and I drove from Delta Junction to Valdez to Anchorage. I rode the Denali Park Road and that kicked my butt! I don't know if I would be brave enough to share the road with big rigs... way to go Lael! Btw, when I was in Valdez, I met a woman from Seward named Linda who was riding her bike from Valdez to Purdhoe Bay... I wonder if you came across her, Lael?",0
Nature_Slayer,2021-09-29T00:46:21Z,Beast!!!!  & an absolute gorgeous woman.,0
Kang Lin Liow,2021-09-28T23:35:21Z,Just inspiring.,2
Veganozaur,2021-09-28T22:52:11Z,Légendaire!,2
Stephen Williams,2021-09-28T22:34:06Z,Chapeau,2
Christopher Anderson,2021-09-28T22:30:24Z,Just another inspiring journey by the happiest cyclist! Rock on Lael!,0
Andy Fern,2021-09-28T21:51:26Z,She is so inspiring!!,1
Neville Llewellyn,2021-09-28T21:07:12Z,Maybe a daft question - but would it not be less wet and messy if you had mudguards ?  Think I'm just a softie bloke :-S,1
LuckyJack99,2021-09-28T20:47:50Z,Amazing ride - guts and good attitude ! Brilliant vid - cheers !,0
jr reed,2021-09-28T20:47:05Z,"What a champ, she always makes me smile.",0
Juraj Tokarcik,2021-09-28T19:40:11Z,nice :P,0
Adriana Yunda...Scotland,2021-09-28T18:46:32Z,Yes! Bikes can beat the oil !,3
Jason Cohen,2021-09-28T18:35:51Z,Fantastic job Lael and what a great video!,1
Jan Patrick Kariž,2021-09-28T18:34:43Z,Is there a setup breakdown video/post?,0
Tim Smith,2021-09-28T17:33:57Z,Awesomeness Lael  💪,2
Humberto Leandro,2021-09-28T17:17:39Z,She is nothing short of amazing...,0
Daniel Díaz,2021-09-28T15:58:11Z,Siempre es un buen día cuando sale contenido nuevo de Lael y Rue. Gracias!,4
Jimbo LB,2021-09-28T15:29:18Z,Superb video,1
Miguel Nacianceno,2021-09-28T14:05:03Z,"""Everyone's like, wow this state is so huge and here we are.""    - Olivia Juarez""Welcome to 69 miles!"" - kids partyingYou meet great people on the bike.",0
BASE,2021-09-28T13:32:01Z,What a legend! Nice one Lael!,1
T,2021-09-28T13:19:16Z,"She makes it look so easy, I really have to remind myself how insane the ride is and how fast she is going",30
Alexandre Prevost,2021-09-28T11:33:06Z,Amazing!!,1
BoB Ippitybobbob,2021-09-28T11:15:31Z,"Starting at the top, so it's like basically all downhill?",1
Torin McFarland,2021-09-28T10:30:16Z,i love that crude oil speed comparison; great video and fantastic effort!,4
Patrick Large,2021-09-28T07:14:46Z,"I'd love to know the camping gear she used? Tent, sleeping bad, bivy, etc",0
Rishad P k,2021-09-28T06:55:03Z,Lots of love ❤ lael,0
Wim Jansen,2021-09-28T06:52:47Z,Love every minute!,1
gamby16a,2021-09-28T06:29:00Z,Lael is SO gnarly and yet so kind and peaceful. Some kind of zen wizard who lives on the ragged edge.  What an amazing human.,5
Matt Delcomyn,2021-09-28T04:57:39Z,"Great vid about a fantastic, inspiring spirit. Thanks Rapha!!!!!",4
Max Roth,2021-09-28T04:25:41Z,Blows my mind how it doesn’t really get dark .. 3am looks like 12 noon lol,0
Malik Alymkulov,2021-09-28T03:59:16Z,I watch not only adventures from this film but learn what is the life up there.,0
TCG,2021-09-28T03:47:33Z,"No tailight on dark, lonely highway...no thanks.",0
Henrywildeberry,2021-09-28T03:38:12Z,"Lael is such an ultra cycling rockstar! What's more, I'm impressed with how much energy she can give to her fans out on the road even though she must be incredibly tired. At over 200 miles a day on average in challenging conditions, self-supported (eating hot dogs!), is nothing short of amazing! Well done on the edit. It had a very nice documentary style progression. Looking forward to more of Lael's FKT's.",2
Robert Victoria,2021-09-28T03:05:46Z,What a happy and positive human. Loved it.,15
Jessica Haydahl Richardson,2021-09-28T02:46:07Z,Great film. The whole film made me smile!,4
EVDB,2021-09-28T02:43:19Z,Is it really a FKT effort if no one else is going to do it?  Cuz it’s in Alaska!,1
Chris Baum,2021-09-28T02:37:40Z,I am amazed of the wonderful spirit Lael has on her FTK attempts.  Great video Rapha and crew!!,7
Robert M,2021-09-28T02:07:35Z,An end of land to end of land ride of another kind.  Great job and those AK construction zones are NOT cycling friendly and interrupt rides by law.  Had that happen last month from Fairbanks to Anchorage and got the back of the pickup escort treatment for a 4 mile section.   Chalked it up as an Act of Government!  Thought it was crazy but Lael’s ride proves it can happen to anyone.,0
andrew buffington,2021-09-28T01:48:07Z,What that watch do tho?,0
scotchwolves,2021-09-28T01:39:20Z,"must be kind of a depressing parcours, from the melting ice caps down along a crude oil pipeline",3
Foster Boone,2021-09-28T01:27:51Z,Rapha (or anyone) - there should be some sort official prize for those that are faster than oil...,0
Frontenac Cycle,2021-09-28T01:08:37Z,I always leave a Lael video inspired to go my furthest and dig my deepest. Such and incredible person and inspiring  rider.,9
J. Lillie,2021-09-28T00:48:55Z,She’s not from this planet 🤙🏽👍🏽,2
Kyle Crouch,2021-09-28T00:07:11Z,Finally a video that shows some of what she suffers through and “Eats”. My favorite parts of any of Lael’s videos is seeing what she eats. Most videos skip that part. Glad some of it was in this.,50
keoki777,2021-09-27T23:26:55Z,Available at your local Walmart store!  The brand was always trash.,1
Yohanna Tashi,2021-09-27T23:18:29Z,Lael is the sweetest. ❤️,4
Chad Pendy,2021-09-27T22:59:52Z,"Lael is my hero, to be certain!!  Way to go on another epic adventure!!!",8
Kevin White,2021-09-27T22:45:05Z,Absolute stunner. Faster than crude oil.,5
pol sifter,2021-09-27T22:14:04Z,Legend.,1
Mark Thomson,2021-09-27T21:57:42Z,Superb!,1
Aaron SE,2021-09-27T21:51:21Z,"Just stunning,  congrats for such an amazing trip.",0
William Leloup,2021-09-27T21:19:51Z,What's her bike setup?,3
Brandon Doran,2021-09-27T20:58:44Z,"A treasure, well done 🤙",3
JasLeGoff,2021-09-27T20:56:08Z,Awesome.,1
Florian,2021-09-27T20:46:13Z,edit on point. well done! ☺️,1
Reemer Feddes,2021-09-27T20:44:09Z,"In my next life I want to be Lael. Awesome documentary, with great people.",15
Jeremy Bechthold,2021-09-27T20:28:16Z,"Lael is a gem on a normal day - when she is smoked and in and out of a sleep-deprived delirious state, she is an absolute treasure. 😝 ❤️ 🥰",122
David V,2021-09-27T20:00:51Z,"I'd prefer to see more Lael vs Lachlan.  Lachlan gets lots of press, it's nice to see women getting attention for their amazing rides.",5
TexasTwister,2021-09-27T19:53:27Z,"Awesome Video , congratulations🎊",1
Joanne leyva,2021-09-27T19:25:33Z,Lael is my shero!,5
Seth DuBois,2021-09-27T19:25:18Z,Awesome stuff!,1
Chris TravelsbyTaco,2021-09-26T23:50:09Z,k. Lets get back to Lachlan and his crew now.,5
Steve Lowe,2021-09-26T03:18:29Z,Awesome. Still waiting for Lachlan's video on his Alt Tour de France ride.,159
TexasTwister,2021-09-24T21:05:12Z,"Can't wait , really  2 days ?! Ha ha she is so much fun to watch , and all the killer stuff she has rode  !  Plus shes so cute and bubbly 😊",0
Bowhead,2021-09-24T19:48:56Z,Can't wait! This is going to be EPIC.,2
Road Glide,2021-09-24T19:30:13Z,Love it. Why we ride. Fun. Peace.,1
M S,2021-09-24T18:36:23Z,Will there be an AltTour film?,14
ACDC.,2021-09-24T18:18:24Z,Sect!,1
