CycoWarriorx,2018-07-25T01:28:48Z,"Not sure what the objective here is, but I’m trying to understand if you’re trying to attract viewers to the channel - and the brand, or is this some self initiated personal flogging of your previously crafted and finely tuned marketing plan?? If this is your new campaign, no worries, I know where my hat is - and my wallet and can see myself out.",3
Duhamel Mercado,2018-07-22T22:04:53Z,Don’t know what to say.....,2
Cheyne,2018-07-21T22:45:52Z,These are great. Cycling needs more of this. Good fun. Educational. Creative. As for all the negative comments on these I can only say one thing. If you can’t appreciate art you can at least respect it.,1
Peak Torque,2018-07-21T14:18:35Z,"No no no no no no no, no no no no no no! Not this time Gal not this fuckin time, no!",0
Ben Ward,2018-07-21T12:07:50Z,Seriously?,4
Brandon Hennessy,2018-07-20T23:37:39Z,Shit,4
AstrayAgrarian,2018-07-20T23:02:15Z,Cringe,5
drifter,2018-07-20T16:50:33Z,You guys are trying a bit too hard on that artsy fartsy stuff,12
