P C,2022-01-13T09:24:08Z,Maybe a little bit more focus on the bikes riders? But a nice vid all the same.,0
Kenneth Messer,2021-04-02T17:36:45Z,7 minutes so well spent.,0
a a,2016-09-01T19:50:13Z,Perfect!,1
Emerson Ferreira Nogueira,2012-09-24T11:43:09Z,Sensational video.,1
Frederick Powell,2012-09-21T18:41:00Z,"Best one of the year, Japanese culture has always been a point of interest for me.",1
BigBlackPug,2012-09-21T15:46:39Z,"These films are always a treat.Sad to see the effects of the tsunami disaster, nature is the boss!",2
