Smelly elle,2022-12-07T08:53:09Z,"Woah, nice work Lael! Is that rig a Specialized Epic with gravel bars?",0
Tim Taylor,2022-08-24T18:27:48Z,yes i knew it,0
KuriosPC,2022-07-16T02:32:19Z,"I do not mean this to be offensive, but why are a lot of gay cyclist, or pro gay cyclist being showcased?",0
Antony Page,2022-06-20T00:10:20Z,"""i could try""  thats probably the best motivation, most will not reach top 10 finishes as this is a tough grueling sport but if it gets more people out riding with friends and family's then i think we have all come out better for this ...amazing video",0
1 Legged Adventures,2022-06-08T23:23:49Z,I was literally at hoosier pass less than a week ago!!!!,0
kh12myzk,2022-04-13T15:24:41Z,たこ,0
Jim Hansen,2022-04-01T19:33:21Z,What a LEGEND !,0
Steven C,2021-12-02T11:15:46Z,These films are so spectacular,0
Joanne leyva,2021-10-28T23:06:21Z,Lael is my shero!,0
Pchy kins,2021-10-23T19:06:02Z,"Damn, I wish I can ride endurance like that! I'm just done after 120km...poor me :(",0
Alessandro Mesquita,2021-10-23T17:06:59Z,Big fan of Lael,0
Roberto Ambrosi,2021-10-21T10:27:10Z,Bellissimo video.Ed è sempre un piacere vedere Leal con il suo sorriso!,0
Oh well,2021-10-12T13:21:26Z,Glad it is raining today in Kingman AZ ( 10/12/21)  surfing channels on riding and found yours. I am 77 and try to ride 1 hour every day on my trail bike. Keep the ridding up and good rides to you.,0
Noman,2021-10-12T12:25:50Z,❤️ Lael!,0
Robert Botta,2021-10-10T12:21:54Z,Lael you are just plain awesome and a total inspiration of how to be a better person always!,0
Dodging Lions,2021-10-09T16:32:23Z,amazing … she’s a beast!!!,0
Gualter Amaro,2021-10-07T22:18:57Z,"Top-notch Lael and also filmmaking, to make her justice!",0
Dobra Cobra,2021-10-05T07:03:41Z,"Very boring movie. In 3 days nothing happenned. The girl is alive, there's no wolf attack, bear attack, truck driver attack, locals attack at night, ufo... No smashing wind... nothing.You watching three same days. Even girl is not so tired. Director of the movie isnt good. And Look, that film crew was more tired than cyclista. Sad, that Rapha participate this project.",1
Tom A,2021-10-04T14:28:02Z,"LeMond had crazy good VO2max, Indurain had heart-stroke volume and lung capacity relative to his body weight like highest ever measured, Armstrong could buffer lactic acid like no one else.  Maybe there is something physiological about this woman that makes her special.  Some kind of ability to eat the pain better than others.  Or maybe it's just mental and she's just tougher.",1
Alejandro Sanchez M,2021-09-28T12:35:40Z,Damn she’s like the Courtney Dauwalter of gravel cycling,0
Leonard Fairground,2021-09-15T17:48:20Z,Surely Lael and Courtney Dewaulter were separated at birth. They both have this incredibly positive energy that’s so suited to their sports.,0
Christopher Lee,2021-09-09T18:28:58Z,It brings money into their town,0
Matt Delcomyn,2021-09-07T04:55:22Z,Awesome film edit Rapha! Really beautiful moments brought to life by creative film editing.,1
xgalvan1,2021-08-29T09:24:37Z,"Man that Lael’s night mode edit was so ridiculously hot,  whoever did that at Rapha has some skill.  Wonder if it’s the same person who did Lachlan’s night mode when he was in Spain’s back country",1
Hobbybaschtler,2021-08-16T09:55:25Z,"She's amazing!Gravel cycling is much like the oldschool races, I like!",0
Jake Olson,2021-08-11T19:34:14Z,"Got stood up by a friend today and my heart hurts, but I have a bike-build to start and this got me duckin ready to go. Nicely shot, great story!",0
parit robek,2021-08-05T05:32:58Z,she looks smug,0
David Chomowicz,2021-07-31T08:36:41Z,Nice nod to the enduring genius of Saul Bass,0
Luke Pilon,2021-07-29T13:44:19Z,4:39  Anton spotting!!!,0
Matthew Sargent,2021-07-27T11:04:01Z,Is that a Specialized Diverge with Rockshox SIDS she’s riding?,0
Mark Wells,2021-07-27T02:02:12Z,Rapha you so woke!!!🤣🤣🤣,0
The Accidental Anthropologist,2021-07-26T16:05:58Z,"I like the subject, the race and the topic, but i dont really like these videos for some reason...i feel like it doesnt really do justice to the chaotic nature of these races. Not trying to be a hater, its just my 2 cents.",0
Stuart Armstrong,2021-07-26T08:42:01Z,This was really wholesome content. Go Lael!,0
Pedalling Squares,2021-07-26T04:43:08Z,Lael is the GOAT,0
Kenneth Dunmire,2021-07-25T22:48:57Z,Always a smile.,0
PlayMoreGuitar,2021-07-25T12:40:11Z,"What a human... Not only inspiring woman but also me, a man, who maxes out at 150 miles. One day I will travel to Kansas to do Unbound, only 3 flights, 1 day and 6 hours travel away!!",0
Secret Daisy,2021-07-25T03:43:07Z,Hey Lael-thanks for being such an inspiration! I don't think I will ever do what you but I love riding my bike & 🚴‍♀️ & I often think about what you do & that helps to keep me going. 👍☮️🌞🌟🚴‍♀️,0
Joseph //,2021-07-24T16:27:07Z,I couldn't dream up a nicer or more inspirational cyclist.,0
EMC2Scotia,2021-07-24T05:13:28Z,Gravel racing seems to show a side to America that is very special.,0
Paul Miller,2021-07-23T20:37:14Z,Lael is awesome! Such and inspiration. I could listen to talk about biking all day.,0
Munz Media,2021-07-23T17:12:23Z,"Working on our own little outdoor project— This is such an incredible piece to look at for inspiration (surprise, surprise). Thanks to all involved for really shining a light on the adventure that is this race!",0
samsonitte,2021-07-23T01:42:06Z,Lael is quite an inspirational rider and human being.,0
Daniela Angulo,2021-07-22T22:28:58Z,Wow! what a badass cyclist :D Inspiring. Gonna keep riding my bike.,0
Corey Burglar,2021-07-22T19:15:40Z,"Dude, Rapha Films are killing it. Can't wait for the Alt Tour movie.",4
J Swanson,2021-07-21T13:46:18Z,Lael is always an inspiration. She always makes me want to ride my bike MORE!,0
spaceghost,2021-07-20T19:14:06Z,"Lael seems so naturally open and warm. She’s without guile, just grateful to get to do what she loves. I’d love to meet her one day and tell her she’s been an inspiration to me.",1
Paths2Go,2021-07-20T11:47:58Z,another great Rapha film!,0
Y C,2021-07-20T08:02:10Z,Lael and Anton entering that shop and riding together... This would be my favorite duo to ride with !,13
Bo Sanders: Public Theology,2021-07-20T03:48:22Z,Amazing video. Lael is an absolute inspiration. Thank you for this production. SO good.,0
Devin J,2021-07-20T00:32:45Z,Lael needs to meet Courtney  Dauwalter. Ultra bike and ultra run taken with the same smile and gracious attitude.,0
jacob_dbu,2021-07-19T18:54:53Z,I wanna see a Rapha video of Lachlan Morton and Lael Wilcox on a trip together. Good vibes only.,3
Andy Scotton-Peters,2021-07-19T15:56:31Z,Get 10% off your first Rapha order here! https://rapha.mention-me.com/m/ol/ky4zh-andrew-scotton-peters,0
nayr497,2021-07-19T13:21:29Z,Specialized and Rapha (Wal-mart). Always fun to see how long it takes the mega-corporations to jump on the new thing and exploit it.What ever happened to cyclocross? Remember when that was all the rage in good ol' America?,0
Chuck Stark,2021-07-19T03:13:58Z,Now there's a woman living her life to the fullest.,1
Joe Bob,2021-07-18T23:39:04Z,Lael is the best,0
Adam Mckinney,2021-07-18T22:00:13Z,Rapha is way overpriced and liberal who doesn't support fundamentals of the U.S. and Trump.,0
Todd Grady,2021-07-18T21:05:15Z,Rad.,0
Joachim Johansson,2021-07-18T20:37:08Z,Lael is such an inspiration! Super human!,0
Fysh,2021-07-18T19:14:07Z,"Lael is a genuine champion in every sense of the word. Congrats on your marriage, Lael!",0
Jay Curry,2021-07-18T16:30:52Z,"Have been able to ride with Lael a bunch of times over the last 5 years. Not only is she an amazing cyclist, but she's an even better human being. Thanks for sharing her story!",0
thetalkingfly,2021-07-18T14:33:45Z,"Great video, a fine inspirational piece! Lael is amazing and the filmmaking is choice! Cheers, ttf",29
Susan Bithell,2021-07-18T12:26:04Z,You are an inspiration. Thx for your awesome positive attitude.,0
Tom Davis,2021-07-18T04:06:05Z,Lael Is the most inspiring athlete I’ve ever followed.  What a beautiful spirit!,4
Rin Rat,2021-07-18T02:48:49Z,Beautifully done.,0
The Mind Unset,2021-07-18T01:52:26Z,"Lael is such an inspiration. I can't get enough of listening to her approach on racing, riding, and the sheer enjoyment of what she does.",0
Richard Morse,2021-07-18T01:52:11Z,Irrepressibly positive. Great work Lael!,1
AD,2021-07-18T01:43:08Z,Lael rocks! I am still not buying Rapha,1
Taylor Nichol,2021-07-18T01:35:28Z,Lael for president,0
omar fernandez,2021-07-18T00:08:18Z,Anton Krupicka at 4:41,1
Danny Zuehlsdorf,2021-07-18T00:04:16Z,"Lael has that weird, unexplainable magnetic field of positivity surrounding her.  Ride on!",2
Meat Popsicle,2021-07-17T21:09:04Z,The real MVP is the dude in the gas station just pulling out bottles of water for people,1
Stephen Williams,2021-07-17T19:51:26Z,Chapeau Lael,1
yumyumhungry,2021-07-17T16:48:49Z,Night mode lael best lael,0
Veevee Archer,2021-07-17T16:08:29Z,I love all motivation.  Lael Wilcox has to be the sweetest kickass motivation.   I'm very thankful and proud of her accomplishments.  Thanks to Rapha for assisting her pursuits.,1
Cliff Clermont,2021-07-17T14:02:57Z,Lael is awesome.  She has been at it for a bit now - and her efforts are incredible.,0
Linda Cutler,2021-07-17T12:29:04Z,You should be commended for supporting such an awesome person!,0
benvanop,2021-07-17T08:25:50Z,Anton Krupicka at 4:40 ..?,1
Grant Ferstat,2021-07-17T06:58:55Z,Intrigued with the drop-bars on what appears to be a hard tail mountain bike frame rather than a gravel bike geometry.,1
gamby16a,2021-07-17T05:52:40Z,"""If she could do it, I could do it.""No, Lael.  You're cut from a different cloth and have a much larger ability to suffer than I do. Awesome film and another incredible effort.  Superhuman.",10
John Payne,2021-07-17T05:26:22Z,Great ride Lael... For the next 20 years girls & guys will say - I tried it because Lael made it look so achievable.,0
Chris Cover,2021-07-17T04:43:59Z,Freakin Rock Star!,0
Wheels on a Bike,2021-07-17T04:19:59Z,"Lael is like the female version of Lachlan Morton or vice versa. Loves to ride, pushes herself and always comes across as grateful and giving.",65
maxence lebreux,2021-07-17T04:07:16Z,Such a gem ! That level of production is insane.,3
Flyer,2021-07-17T01:39:33Z,"love it. give us more long-form content, rapha.",2
PM pedalmotivated,2021-07-17T01:25:13Z,anybody know what bag is that at 1:30 of the video????? I love it!,0
Kelly Mckenzie,2021-07-16T23:17:44Z,"Seriously, fuck this men's category women's category bullshit. Let's just have races.",0
SioLazer,2021-07-16T22:43:24Z,Hey Rapha! Lael did a rad scholarship a few years ago. It would be really cool to see someone with bigger resources keep the ball rolling with getting more diversity in cycling.,10
Armin Hess,2021-07-16T21:55:57Z,The race was too short for her - 2x or 3x the length she would have been first overall!,6
Michael K,2021-07-16T21:48:51Z,"Incredible lady, athlete, and what a positive attitude, inspiring stuff. Well done Lael and Rapha Films.",0
Zen Cycling,2021-07-16T21:42:46Z,Gravel nowadays is going back to the roots of cycling races.,19
Kuba Sznajder,2021-07-16T20:52:57Z,She is a real Terminator! Best whishes from Poland :),4
Eric Nghiem,2021-07-16T20:38:08Z,I love Lael's story. What a legend.,10
Oliver Heuler,2021-07-16T20:27:47Z,I could enjoy this even more if there wasn’t a ""like"" in every sentence. But maybe it’s because I am German. Do Americans even hear this? Apart from this I found the film very motivating.,3
DMV,2021-07-16T20:17:49Z,Rapha makes the best vids. Looking forward to lachy’s alt tour recap,149
Jonny Steel,2021-07-16T20:16:32Z,So much love and respect for this amazing athlete.,7
Devin Wiles,2021-07-16T19:40:18Z,"so good, thanks for sharing the story!",0
Sam Sabu,2021-07-16T19:22:56Z,LAEL IS THE QUEEN OF MODERN DAY CYCLING. WE NEED MORE OF LAEL IN THE FUTURE... WE FANS COUNT ON IT!!!! WHAT A LEGEND,1
Juan C. Munoz,2021-07-16T19:15:49Z,Awesome !!!,1
Franco Vai,2021-07-16T19:14:31Z,"She is so awesome because she is so damn awesome, what a gem, what a beast!",7
Coreen Mazzocchi,2021-07-16T19:10:34Z,Lael is so rad. The night time edit was rad too.,0
nbroleur,2021-07-16T19:07:44Z,Hell yeh.,1
Matt Bibbings,2021-07-16T19:07:18Z,"Honestly, who could give Lael a Thumbs-down? She's a legend.",108
rswc55,2021-07-16T19:04:49Z,Ooof. Loved that. Thank you!,1
JBratt,2021-07-16T18:38:40Z,@ 5:24 That is an incredible drone shot. Well done 👍,2
Road Glide,2021-07-16T18:37:36Z,100%. First you try. Then you get serious and try again.,1
Warwick Poole,2021-07-16T18:23:27Z,"Lael is such a beast on the bike, and so kind and joyful as a human being. Is Jay going to complain about the Rapha camera crew being out there on this race now?",28
Gary Onnen,2021-07-16T18:18:35Z,It doesn’t matter how far in to a race it is lael always has a smile for however says hello to her. Thanks to Rapha for supporting her.,103
Evelina Kamasheva,2021-07-15T14:56:50Z,love seeing women represented!,29
GD,2021-07-15T00:07:56Z,Yes! I cannot wait.,1
bash anderson,2021-07-14T22:28:30Z,​as soon as the music started I knew it was gonna be a good one.,10
Sasha Lokhtin,2021-07-14T19:24:41Z,Cool that you’re adding non pro cyclists in gone racing series! Cycling is for everyone,5
3400troost,2021-07-14T18:57:33Z,Read it wrong and have been pumped all day for the premier at 1pm……..2 days from now 😔,1
