Michael Bass,2023-01-25T00:35:29Z,"Lachlan, you’re a real inspiration to us all",0
Crisostomo Rosario,2022-12-31T19:31:47Z,Such a great story.  Thank you for sharing.,0
Savio Carvalho,2022-11-24T15:54:43Z,Really inspire :D,0
KaiMod,2022-05-12T16:17:46Z,Very nice and inspiring video! I want to ride my bike now !,0
Chris,2022-03-28T00:43:01Z,Fastest mtb rider in Africa. After Greg Minaar!,0
Alex G.,2022-03-21T19:07:09Z,"I'm seeing this video a year later... It doesn't matter, this is the way guys",0
Ride Bikes Be Happy,2022-03-16T07:29:52Z,I just decided to ride Epic on day.,0
Malcolm Hales,2022-02-21T10:03:02Z,"Lachlan Morton, a true hero. more people need to listen to what this guys says. Good luck with Kenneth and the project. A great short film.",0
Justin Whittle,2022-02-04T00:15:33Z,What an inspiration! Continue to think big Kenneth! Well done Lachlan!,0
Nils Mack,2022-02-01T02:46:40Z,I came to see mtn bike racing ended up leaving with a heartfelt story… and I’m better for it…,0
Scott Carlson,2022-01-30T19:15:22Z,This is wait cycling is all about!,0
Adrian Wenger,2022-01-14T19:11:24Z,"BEAUTIFUL. Thank you, i loved it.",0
OutcastBiff,2022-01-14T10:29:38Z,"Finally an EPIC from Rapha worthy of the word – you can keep your glorious suffering. This film is the essence of cycling; community, friendship, positive change. And Lachlan is fast becoming someone on my 'special list' (and there aren't many :O) …thank you for this film.",0
broodlecoodle,2022-01-06T05:37:03Z,"So happy I watched this, thank-you. Fantastic outcome which I hope goes a very long way.",0
Dean,2021-12-30T17:36:22Z,"The ""Small MTB Stage Race"" Alex  high-fived a tree at was the Pikes Peak Apex, my hometown race. I heard about your hand and the incident on stage 4. Damn bummer you couldn't race the Cape Epic!",0
Carlo Gottardo,2021-12-29T05:28:44Z,"Wonderful video,",0
Lucas deABREU,2021-12-26T21:02:12Z,I love how Lachlan always sounds like he's high,0
J,2021-12-23T09:32:22Z,Beautiful video. Two beautiful men.,0
José Alejandro Lopez,2021-12-22T14:27:46Z,How I love Lachly ♥,0
"Silver Pants, Blue.",2021-12-21T15:38:32Z,"everytime I think I have seen the best Rapha Films has offer, they out do themselves. More  Kenneth, please and thank you.",0
Stanislao German,2021-12-21T01:38:50Z,Lachlan is the man … Legend,0
Kobe Van Dijck,2021-12-20T23:02:43Z,"Came for Lachy, stayed for Kenneth. Very nicely done EF!",0
tom chad,2021-12-20T12:26:27Z,class video,0
Sandgroper 1970,2021-12-20T12:20:01Z,With a bit of luck this will open some more doors for Kenneth.,0
21cup,2021-12-20T10:46:13Z,Can we get Kenneth to the commonwealth games next time around?,0
Zachary Smiles,2021-12-20T01:48:04Z,Great,0
Katherine Frost,2021-12-20T00:50:57Z,"I thoroughly enjoyed this collaboration… Kenneth is such an inspiration.  Cheers, Lachlan and EF.",0
Ian Hadden,2021-12-19T22:58:46Z,Simply fantastic!,0
Joe T,2021-12-19T12:33:02Z,This is SO AWESOME! 👌🏾👌🏾 When I saw our hometown hero Kenneth I was literally cheering on the couch! Then to see at the end that Lachlan & him are collaborating to start a cycling school here in Kenya was just the icing on the cake 👌🏾👌🏾.,0
TheoreticallyNo,2021-12-19T04:37:51Z,Everything in this is great.,0
Dave TheGayGuy,2021-12-18T22:29:18Z,"Just a beautiful story, and with everything going on this was JUST what I needed, Bravo Lachlan and Kenneth,  seasons greetings to you and your loved ones.",0
Darin Peper,2021-12-18T19:26:23Z,"Lachlan is like a very thin Budah with the wisdom of cycling dispensed in language the average cyclist gets and loves. Kenneth has to be strong to stay on Lachy's wheel.  Great job and I am glad to watch you ride for you, your family and village.  Thanks Rapha and EF for these glimpses into your world.",0
harry henry,2021-12-18T18:04:26Z,2:31 david brent impression,0
Ryan Savin,2021-12-18T16:19:05Z,Mega. Proud Zimbabwean/South African loving this content,0
Martin Thain,2021-12-18T08:31:20Z,Love,0
Arnau Requena Fernández,2021-12-18T08:17:02Z,What a nice story,0
Tanner Hawkins,2021-12-17T21:41:28Z,Another amazing one but this one was special. Thank you guys!,1
nick colburn,2021-12-17T20:02:16Z,Beautiful. Be grateful for what you have.,1
Clifford Lucas,2021-12-17T16:00:02Z,Such an inspiring human in Kenneth.,1
André Filipe,2021-12-17T15:26:20Z,amazing video. This is the spirit of races and mtb. Thank you that I can also be part of it.,1
Stijn W,2021-12-17T13:13:21Z,This is so cool,0
Aidan OC,2021-12-16T23:33:24Z,"I really like Lachlan's sentiment at the end. So much of pro cycling's money over the years has gone on performance, so much to dopers as a result, its good to see even a fraction to developing cycling communities.",1
mike kunnecke,2021-12-16T20:58:50Z,Damn! Best one yet!,1
After_Life,2021-12-16T18:21:21Z,"If the sport didn’t only focused on getting faster, and selling bikes that cost more than the average cost of a car even in Europe, not even talking about a country like Kenya, if the sport knew when to be all about racing and when to help build communities, we would have more pro or retired pro riders like Lachlan, giving opportunities, to me he truly feels like a legend. Because the pro peloton in each discipline cross country, road or cyclocross don’t allow themselves to show their personalities because the sport has always been that way, a rider like Lachlan is way more relatable, he doesn’t feel like a robot who does his 100k daily, race and never tries to do any side project to make the sport more fun. It has already been done with enduro and downhill and some riders like Sagan are fun, it’s all it will take, oh and if riders could start living from their sport without fears of retiring at the first injury that would be great but we can’t have it all can we.",8
FULL GAS JAXON,2021-12-16T17:21:35Z,Absolutely outstanding film well done to all involved & Kenneth you are very welcome to come to Scotland anytime you feel :-)👏🏻👏🏻👏🏻🚴🏻‍♂️🚴🏻‍♂️🚴🏻‍♂️🚴🏻‍♂️🚴🏻‍♂️🏴󠁧󠁢󠁳󠁣󠁴󠁿🏴󠁧󠁢󠁳󠁣󠁴󠁿🏴󠁧󠁢󠁳󠁣󠁴󠁿🏴󠁧󠁢󠁳󠁣󠁴󠁿🏴󠁧󠁢󠁳󠁣󠁴󠁿🏴󠁧󠁢󠁳󠁣󠁴󠁿🏴󠁧󠁢󠁳󠁣󠁴󠁿🏴󠁧󠁢󠁳󠁣󠁴󠁿🏴󠁧󠁢󠁳󠁣󠁴󠁿🏴󠁧󠁢󠁳󠁣󠁴󠁿🏴󠁧󠁢󠁳󠁣󠁴󠁿🏴󠁧󠁢󠁳󠁣󠁴󠁿🏴󠁧󠁢󠁳󠁣󠁴󠁿🏴󠁧󠁢󠁳󠁣󠁴󠁿🏴󠁧󠁢󠁳󠁣󠁴󠁿🏴󠁧󠁢󠁳󠁣󠁴󠁿🍺,1
Blake Miller,2021-12-16T12:12:27Z,"Lachlan and EF are making cycling great again, this was one of the best cycling films I've seen in a while! Kenneth is going to do great things as well!",1
Lou Santos,2021-12-16T11:11:49Z,Watched film again loved it even great job all around keep it up👍,2
Gary Banfield,2021-12-16T09:56:49Z,Really inspirational to watch! Well done to Kenneth and Lachlan,1
Cath Schofield,2021-12-16T09:46:05Z,What’s not to love about Lachlan,0
BULIGNIK,2021-12-16T09:33:51Z,"If you pump Kenneth with hormones like a pro, he will ride at podium level no worse than Lachlan",0
Ken Manning,2021-12-16T03:13:33Z,"Excellent video Lachlan, Kenneth and Rapha. Lachlan, I’m so inspired by your thoughtful reflections in all your videos, never more so than in this one. You are a gift to cycling and I applaud your vision for the future of cycling in Kenya. I wish you and Kenneth the very best of luck to going forward.",2
Ryan O'Hara,2021-12-16T01:44:56Z,KEEP THESE ALT VIDEOS COMING LACHLAN!!! You are inspiring the world to ride bikes.,0
Frank Kottwitz,2021-12-16T01:16:13Z,Awesome,0
Danny Liao,2021-12-15T20:56:16Z,Lacey's comments at the end.  Very well said.,1
Paul F.,2021-12-15T20:48:33Z,man the quality of these videos is just improving every time,0
Tristram Wilson,2021-12-15T20:28:20Z,Brilliant!!,0
Haldun SAYI,2021-12-15T18:00:50Z,"Lachan, what a legend... Thanks for share Rapha. It was really good. #dreambig #thinkbig",0
ehyoumon,2021-12-15T17:46:04Z,This one missed the mark I dunno,0
Conrad Greer,2021-12-15T16:02:27Z,"The absolute best video of the Cape Epic and the most meaningful one as well. Greatest measure of success is did one make a positive difference. The alt tour and all the people involved with it make a huge difference in so many peoples lives. Not only every sponsors dream but every cyclists dream to just be able to identify with other humble and respectful cyclists, with no egos or altering agendas. Well done Lachlan, Kenneth and all the alt tour team and sponsors, you guys set the benchmark and just keep raising it.",1
Hayden Morrison,2021-12-15T12:41:55Z,"Kenneth is a hero, really enjoyed it!",0
Deb Lord Outdoors,2021-12-15T09:04:50Z,Lachlan is a proper decent bloke. Properly in it to leave the industry a better place and with greater opportunity than he found it. Best of luck to Kenneth. What an amazing chap!,0
Buffs Vintage Bikes,2021-12-15T08:06:53Z,"It was great having you guys in SA and seeing you tackle the Cape Epic. So chuffed that I finally got to meet Gus as well, even if it we could only chat for a few minutes, out in the bush, while he was setting up for a shot of you guys. Well done on a great documentary, you guys might not have won the race but you won over many hearts to EF Education and to this great sport we love 👊🏼🙌🏼👍🏼 Kenneth, you rode like a champ, don’t give up your dream brother, success is just over the next hill 🙌🏼",1
Justin Burgan,2021-12-15T06:44:59Z,"what a beautiful story, bravo! 🖤",1
Ash Cameron,2021-12-15T05:28:13Z,I was watching this thinking this is underwhelming but by the end I had goosebumps. Nice job whoever put this together. It played out beautifully.,0
Joan Misere,2021-12-15T04:57:34Z,Well done Karaya. We are rooting for you back home. An inspiration to us all. Thank you Lachlan for the role you played as you reignited the fire karaya once had for mountain biking. This was beautiful to watch 💥💥🥰🥰,0
Chris Baum,2021-12-15T04:10:57Z,Great Story!!! Hope Rapha and EF continue to support Kenneth and building a bigger cycling community in Kenya!!,0
Roger Terry,2021-12-15T02:32:56Z,This is the best Rapha Cone Racing to date. Bravo!,0
Gabriel Caridade,2021-12-15T02:00:04Z,"This is absolutely amazing and inspiring. Inclusion matters more than going faster. Thank you, Lachlan and EF for doing your share to make the world a better place!",0
William Baukhages,2021-12-15T01:25:53Z,"By not focusing on results the spirit of cycling and how it can mean so much more than those results. Kudos Lachlan, Kenneth an EF! Best pro cycling team ever as far as I’m concerned 🙌",0
Ian Barr,2021-12-15T01:25:06Z,"Rapha and company...you guys ABSOLUTELY ROCK with these movies. Brilliant! Lachlan is at the top of the elite in mind, body, and spirit. Winning a race is not half as inspiring as winning at life. Both these men are winners. A huge cheers on this one guys.",0
Rafael Matoso,2021-12-14T22:55:22Z,"Inspiring, Lachy is an amazing person with a great heart",0
A Mc,2021-12-14T22:22:54Z,Beautiful as ever. Lachlan is a gift to the cycling industry. He'd be happy and free riding a 40 year old $15 charabanc.,1
fraser stewart,2021-12-14T22:13:01Z,Lachlan is the coolest guy in cycling.,0
C Nay,2021-12-14T21:18:27Z,Hello TR fam!,0
tony lochner,2021-12-14T21:09:29Z,;Lochan you a legend -,0
Illaa Rocc,2021-12-14T21:03:08Z,8:03 is frightening regarding this happens in africa,0
Gravel Pack,2021-12-14T20:43:20Z,"Love your films every time I see you drop a video I am exciting and you guys didn’t disappoint. Inspiring, connecting stories and people and cinematic bravo!",0
Terry Hudson,2021-12-14T19:26:33Z,"What a great short film that was. Amazing to see that the twist of fate, leaving Lachlan searching for a new partner, ended up with something so beautiful!You're all making a big difference to the world through cycling, bless you all 🙌🏻",2
Nathan W.,2021-12-14T18:30:46Z,Simply fantastic. Bravo!,0
Pozitivi,2021-12-14T17:13:05Z,That's pretty cool mate!!,0
David Ide,2021-12-14T15:23:56Z,"EF and Rapha , Lachlan and the team, have come up with a wonderful formula to promote the team and sponsors !",0
Devin Wiles,2021-12-14T14:38:15Z,that's the best possible outcome... way to go Lach and Kenny!,0
Capt_Darling,2021-12-14T14:37:33Z,"Inspirational.... you won in SO many more ways than you would have in finishing first....The thing is that it WILL make cycling faster... It may take some time, but I fully expect to see a Kenyan team bossing mountain stages, in grand tours, in the not too distant future....",0
jay clark,2021-12-14T13:37:04Z,"So crazy that Alex breaking his finger has now gotten the ball rolling on a cycling school in Kenya! All because of that tree which didn’t want to move, life’s sequences can really be an amazing thing.",31
cmcjvcltcbmc,2021-12-14T13:01:05Z,This video makes me happy.,0
javelin1701,2021-12-14T12:42:15Z,Yes dudes! 👏,0
JM,2021-12-14T12:26:02Z,This was good!!!,0
Jon Suts,2021-12-14T12:17:36Z,Fuck yeah,0
Alex Bennett,2021-12-14T12:11:18Z,Lachlan is the most engaging and interesting rider in the Pro Peleton and good on EF for giving other lesser know riders opertunities. It would be good to see more of Keneth and the project he and Lachlan have in Kenya.,0
Dutty Vegan,2021-12-14T09:57:27Z,"Love what you guys are doing with the brand, it’s made me buy my first road bike at 54, a caad13 105, and I love it, sold my scalpel just before the first covid, and could not find another one at the time and brought a specialized  epic expert, I love the diversity cannondale and specialized a job well done guys 👊🏾",0
m pk,2021-12-14T09:37:14Z,pure inspiration,0
GrannygearKiller,2021-12-14T08:57:34Z,"Fantastic message, and expertly filmed and edited. It’s about more than racing and winning. You got to have fun while you’re doing it",0
Nick Hill,2021-12-14T08:39:47Z,"Watching this journey unfold through SM I felt disappointed when Alex couldn't race, especially after last years scratching of CE. I could see how frustrating that would be for Lachy and his competitive nature, I was gunning for EF to stick it to the MTB guys.Also watching this and SM highlights, seeing the positive influence EF had on the CE totally shifted my perspective. I hope EF does more of this it's awesome for the community.",0
jason abbott,2021-12-14T07:29:44Z,I realise when I was  racing for me it not always about trying to win it’s about enjoyment on the bike 😊😊love to ride with these guys some day great ride 😊😊,0
Cyclingnerd Delux,2021-12-14T07:28:30Z,Kenneth needs to stay in that pink kit. I hope EF/Rapha find a place for him.,0
Tahir Said,2021-12-14T07:18:01Z,"This is a beautiful made film. Congratulations Lachlan, Kenneth and Team EF. We hope to see Lachlan in Kenya. We wish your new enterprise the very best of success.",0
christopher phillips,2021-12-14T07:05:32Z,Lachlan is a great ambassador for the sport.,0
Kirtham Dumpa,2021-12-14T06:15:56Z,"Hope to see more of Lachlan and Kenneth! Beautiful film, truly inspiring and heartwarming.",1
Don Solomon,2021-12-14T05:27:39Z,Absolutely briliant doco. Hope to see you guys back at the epic...,0
Richard Steele-Gray,2021-12-14T05:24:14Z,"Struggle is real, thanks for bringing your exposure to SA and African cycling",0
Novan Adrian,2021-12-14T05:18:46Z,14:35 long live the cameraman!✨,0
Matt Delcomyn,2021-12-14T05:15:48Z,Great vid. Stay focused on results only  and you miss the big point. Nice work Lach. I would have loved to be able to understand what Kenneth said a bit better. Captions could of helped hear his important reflections. Thanks for this fabulous content!!,0
Micah LeMasters,2021-12-14T03:42:47Z,Every video is better than the previous. You all are truly finding your stride and using this platform to transcend cycling (something I sincerely love) and create content that truly matters. Thank you.,0
run micky,2021-12-14T03:41:28Z,"Gives me goosebumps watching this film,Planting seeds all over. Love it all!Respect to EF-Nippo and of course Lachlan / Kenneth 1-2 punch!",0
Jamie Roszel,2021-12-14T03:18:17Z,"What a fantastic story, as always. Love Lachlan, Kenneth, the Alt Tour and I can’t wait to hear more about how we can support their new school.",1
Jamie Roszel,2021-12-14T03:08:56Z,14:45 epic chase by the camera operator. Bravo.,0
Sansfoy ,2021-12-14T02:51:02Z,The experience is the result—and the result is boundless and sweet. This feels right. Keep at it.,2
Gary Hawkins,2021-12-14T02:22:19Z,"What a great film. Gotta love Kenneth's determination and vibe. Just a genuine human being. Thanks EF, again, for creating a film everyone can learn something from.",3
A Brit and his bike in Poland,2021-12-14T02:09:22Z,"Beautiful just beautiful, of all the world tour pro's Lachlan is by far the best one for this, his whole ideology of life and cycling was made for such a dream. I really hope some good comes from this partnership!!",2
Fysh,2021-12-14T01:47:46Z,"Bikes can truly change the world. Bravo Lachy, Kenneth and Rapha. Bravo.",0
Peter Vollers,2021-12-14T01:17:18Z,Lovely film.,0
Stephanie Tondeur,2021-12-14T00:12:46Z,"LOOOOOOVED THIS!!  Lachlan you are one special human being, and so great getting to know Kenneth this way.  Just awesome!",1
cleaneduphippy,2021-12-13T23:49:10Z,Awesome!  That is the greatest motivation to get out there and spread the 2 wheel love. Keep up the greatness EF!,1
Julian Simpson-Kirsch,2021-12-13T23:39:49Z,great fucking film,0
Kev Wells,2021-12-13T23:22:33Z,Legend's awesome work EF and the crew for making this happen and more then just a standard road racing team.,1
Max L,2021-12-13T23:18:33Z,Really enjoyed this. Would have been a different dynamic had he raced with his hipster racer buddies instead.,0
lcdc27,2021-12-13T23:18:22Z,Hope Kenneth’s signed up to see how he could get on and also give back to his community as he desires. Great to see Lachlan see the bigger pictures in life. You can see what it means to him also..,0
Earl Styles,2021-12-13T22:58:48Z,wow.  I knew I loved Lachy for a reason.  We need more of this.  What an amazing video. Made my year !!!,3
cupidstunt1975,2021-12-13T22:56:19Z,"Lachlan was a hero anyway, now Kenneth is right up there too.",1
rugiOHHHH,2021-12-13T22:51:32Z,Always learn something valuable from these vids. Lachlan and Kenneth are legends,8
Austin Smithey,2021-12-13T22:43:10Z,I have been WAITING for this!!!,1
Natalia Zen,2021-12-13T22:36:10Z,I love love love this content. It inspires and shows opportunity ❤️,2
Cheyne,2021-12-13T22:35:12Z,"This has to be he most inspiring cycling film ever. Cycling brands, teams and organizations can really learn something from this powerful piece. I hope they are paying attention!",40
Erik Douds,2021-12-13T22:30:49Z,Thank you Lachlan for reaching out to a newbie rider and featuring Kenneth as a Kenyan rider. The cyclist space needs more inclusivity and diversity to show the breathe and scope of how a bicycle can transform lives. Beautiful film.,10
Bill Cooper,2021-12-13T22:24:37Z,Absolutely a great a great video! it proves it's not always about results but what you get out of the experience ! And this was a hec of an experience. Well done gentleman!,1
Mark Whitham,2021-12-13T22:20:04Z,Another great video. I enjoy the alternative Calendar so much more than normal road racing now. Every time I see a film with Lachlan in I like him more. He comes over a a great person who genuinely cares about people.,7
humphrey tarry Nyoka,2021-12-13T22:14:06Z,"please can we see more on kenneth in the future,an amazing guy",1
Cameron Price,2021-12-13T22:12:00Z,Such amazing perspective from Lachy. He's an amazing ambassador to the sport as well as EF and Rapha putting together this kind of content. All the best wishes to Kenneth and Lachlan in their school in Kenya. Thanks for this :),35
laxplaysu91,2021-12-13T22:10:03Z,THIS IS SO BADASS,0
LetsgoSteveO,2021-12-13T22:08:30Z,"Awesome! Thank you Rapha, Lachlan and Kenneth!",1
Logan,2021-12-13T22:02:12Z,"Beautiful ride, congrats gentlemen",1
John Payne,2021-12-13T21:58:22Z,"Well done Kenneth, for stepping up in such hard circumstances. Well done Lachy, for being the unassuming hero you are to aspiring cyclists and people everywhere. Well done EF for being the glue that keeps it all together.",63
Crypto Tone Loc,2021-12-13T21:54:02Z,Great story about the universal love of cycling.,1
Max Gloger,2021-12-13T21:54:01Z,More like this EF & Rapha. Bravo!,5
Murray,2021-12-13T21:52:33Z,Lachlan is such an inspiration. Firm hand shakes all around,1
monrezee,2021-12-13T21:51:20Z,Lachlan Morton is Bad Ass,0
Stein Fossgård,2021-12-13T21:45:45Z,Great video!!,0
Iker Arrizabalaga,2021-12-13T21:38:22Z,"Impressive documentary about and incredible race,… and a yet more inspiring story!",7
Richard Young,2021-12-13T21:18:14Z,EF and Lachlan leading by example 🙌🏻👏🏻👏🏻,1
htmGames,2021-12-13T21:13:30Z,That was beautiful,1
David Peters,2021-12-13T21:13:23Z,Thanks gents! This was so awesome...opportunity is paramount!,0
Lee johnston,2021-12-13T21:12:20Z,This just certified how much of legend Lachlan is👌🏻 awesome vlog could have watched for hours,37
Errick Richardson,2021-12-13T21:10:48Z,"This was epic. The name of the team says it all Education First. The minute you see Kenneth's face you love him already, you want that guy to be your friend. It was cool seeing Lachlan and Kenneth really learning in the moment from each other.  Kenneth probably learned a years worth of riding being around all those professionals. Great opportunity for everyone. Love it.",36
Gonzalo Blasco,2021-12-13T21:05:19Z,Lachlan is a legend.,2
Bazza head,2021-12-13T21:00:53Z,No one asked Kenneth what the frequency was 🤷🏻‍♂️,3
Daniel Wnorowski,2021-12-13T20:59:10Z,Lachlan teaches us all how to enjoy life and discover our simple gifts. The experience has more value than the result. We can change the world at the grass roots level. Great effort Kenneth! Another superb Rapha adventure.,156
bnzboy,2021-12-13T20:56:27Z,"This video was so inspiring, thank you!",0
Micheal Watene,2021-12-13T20:55:12Z,"Am Kenyan, and a cycling enthusiast living in Europe who visits my home country as often as I can yearly. The passion , the spirit, the love and drive the small but quickly growing cycling community in Kenya will fully embrace the idea  of Lachlan and Kenneth cycling school. Kenyans, Suleiman Kangangi and  Salim Kipkemboi, even Kenyan born Chris Froome , all champions in there own rights,  all put had work and dedication with not many resources at the beginning of there cycling careers. Imagine what a grass roots Cycling School would do for poverty, education, hope and the chance and dreams for so many more Kenyan children to one day also be champions and inspire the next generation of African Cycling.  I hope we see more of Kenneth working with EF. He's got a good soul",56
Dave Moore,2021-12-13T20:52:56Z,"Lachlan is a true ambassador for all types of cycling.  His attitude is top notch.  Kenneth had his work cut out, a great representative for his country. Nice video.",17
Matt Trask,2021-12-13T20:52:50Z,""" a tree jumped out in front of me, and didnt move"" at least Alex can laugh about it.",2
Thomas Ekstrom,2021-12-13T20:45:02Z,I Hope we will se more of Kenneth!,3
MarlowWhere,2021-12-13T20:27:50Z,I hope we see more of Kenneth working with EF. He's got a good soul and we need to celebrate people like him in the cycling community.,259
David Carroll,2021-12-13T20:27:46Z,"God bless you Lachlan, Ken and EF …. It’s not always about winning …. It’s also making the world better and more equal. Asante sana, Karibu Kenya!",7
Alastair Ronaldson,2021-12-13T20:27:31Z,Bravo Lachlan!,0
micheandmikey,2021-12-13T20:27:21Z,Therein lies the lesson.......... well done.,1
J 5,2021-12-13T20:26:45Z,<3,0
rswc55,2021-12-13T20:26:40Z,That was beautifully done.,17
Phillip Mulder,2021-12-13T17:58:38Z,Sad that Lachlan missed out on this year’s Munga…that would have been Epic 😉,3
Super Facho,2021-12-10T13:12:40Z,Lachlannnnn,0
Gary Onnen,2021-12-10T00:19:15Z,Looking forward to it.,0
