Highnoonshred,2020-12-12T01:37:48Z,This reminds me how meditative it can be to rip on a bike for me with having Cerebral Palsy!!!,1
EdwinNewcomb,2020-11-10T21:33:44Z,I'd be terrified of being impaled by my own pen if I came off. Voice memo on phone might be more comforting,0
NonchalantGarage,2019-04-10T14:53:31Z,"Have you ever used voice memos on your phone? It's a great feature that helps me store my video ideas while I'm out riding. I have to carry it anyway and it fits in my cargo pockets, jersey or fanny pack.",2
Mark Flugge,2019-04-10T14:32:44Z,Whatever did she do before she had pockets in her shorts!?!,2
thetalkingfly,2019-04-10T14:19:18Z,"I think it is so funny how legendary Rapha's ads are, haha! Fine filmmaking and it does make me want ride, even I can only afford cutoff jeans and a Huffy! Cheers, Steve aka The Talking Fly",6
송인식,2019-04-10T12:08:57Z,2nd.,0
ADAME【動画】,2019-04-10T12:07:22Z,1St,0
