Blog Pedalare verso il cielo,2022-09-24T18:52:26Z,👍,0
Gerzon Yeudiel Yañez Porraz,2018-01-03T23:52:37Z,Como se llama ma canción de fondo? Music!?,0
Gary Cruz,2013-01-14T16:59:29Z,I really like the song you chose.,0
Dima,2013-01-06T21:35:10Z,"Good Job, also I like having the Magicshine on the top of the helmet during night riding as it provides a better beam then mounted onthe bars. ",0
Tim Malone,2012-12-31T22:08:52Z,Fantastic video Randy!! Tell your videographer she did a great job:),0
