DC,2019-11-13T18:44:35Z,cold hands are worse tbf,0
Steve Lampley,2018-10-31T06:36:27Z,Should have mudguards on bike. Fashion over common sense is no bueno.,0
TR7 TRIUMPH,2018-01-08T20:04:18Z,Nothing like a dude wearing leggings. Gotta love that. I always just wear thin sweatpants that fit tight round the ankles. They cost me $11.,1
Pedro Torres,2018-01-02T16:12:18Z,Gorgeous pink bike. what the name of this one?,0
Killian Stewart,2017-09-26T14:54:35Z,Stupid sexy Flanders,3
Mani Matter,2017-09-26T11:44:49Z,Best,0
