Tarmac basher,2022-10-10T18:10:41Z,This team is nothing new rock racing team did it years ago,0
David Cox,2022-04-15T11:56:13Z,Lachlan seems like such a genuine person. He would be cool to go ride with for some miles and get some pizza. I think it is really strange to come across this video after getting into cycling and applying for a few jobs at EF. They are a really impressive company and this guy is one cool dude. The video series is very neat to watch as a cyclist that is not a professional.,0
Simon Guard,2022-03-12T12:38:10Z,"Lachlan Morton you are not a joke, you’ve done more in the last couple of years to inspire me than any other cyclist. Keep those alternative films comin.",0
Two-eyed Roy,2022-01-03T14:41:29Z,"I guess it's like the saying ""Work to live, not live to work"". Where for racing (all sports really); Let winning mean everything, but don't let winning *be* everything.",0
Don Solomon,2021-10-25T06:05:51Z,Awesome kit that year,1
Adam Girgis,2021-08-24T00:18:24Z,"you guys should have a restock of this kit, would be amazing",0
David Brownlee,2021-06-28T17:53:45Z,Hi Rapha could we have much more like this rather than short minute long arty clips.,0
KEIRINSTREETS,2021-05-18T18:40:03Z,This made me wanna watch Road racing.,0
Breite Masse,2021-02-27T22:05:04Z,love lachlan,0
GerrMoney,2021-01-30T12:12:20Z,two likes ! Heia EF !,0
chromebomb,2021-01-23T18:48:42Z,cycling is too conservative,0
Nuestra vida en la bici,2021-01-22T17:53:51Z,Great video guys! Thanks! an good luck in the 2021 season!,0
Leonardo,2021-01-17T21:49:27Z,the only good thing about EF is Rigo,0
Simon Greenthumb,2021-01-17T17:48:41Z,BRUTAL. imagine being stuck in a lift with one of these guys talking about themselves for 6 millions years.,0
dirk westerduin,2021-01-16T12:17:44Z,Lachlan's reflections make sense.,0
James Herd,2021-01-08T00:00:12Z,"Lachlan I am a 71 year old mountain biker living in Scotland  But I  Love What you do on a BIKE  don,t stop  what you are doing its great .",1
Keith Moore,2020-12-31T06:58:24Z,2:30.  Using a pillow to pin on the numbers.  Brilliant!  I learned something today.,0
Humberto Mousinho Canilhas,2020-12-23T22:06:27Z,Rúben Guerreiro!!,1
Buzz Man,2020-12-20T15:41:57Z,Lachlon's appeal is based on his existential crisis every timehe is challenged,0
Keukeleire Tv,2020-12-20T10:21:50Z,Coolest team in the world!,0
Morgan Hensley,2020-12-17T23:59:33Z,"The homeless chin developmentally tip because copyright coincidentally employ through a squeamish manx. divergent, elastic butcher",0
Kelly Mckenzie,2020-12-09T05:40:15Z,The mighty ducks! Every team needs a mascot now,0
Veloradio,2020-12-08T23:16:27Z,"Great content, we love it!/Team Veloradio",0
ben mw,2020-12-07T08:52:03Z,No Festive 500 videos???  Why only on IGTV - come on Rapha...give us what we want!!,0
Rubenn Dean Paul Alws,2020-12-06T16:41:56Z,I`m a super fan!,1
tommoelbommo,2020-12-02T21:07:32Z,"Awesome cannondale advert, such a sweet looking bike",1
Joanne leyva,2020-12-02T02:05:16Z,"Love, love, love Lachy!  He is the most exciting rider in cycling right now IMO!",0
Mauricio Jumpa,2020-12-02T01:31:01Z,YES.,0
Sam Webb,2020-12-01T14:46:04Z,"Bit late to the party here, but I love that EF Pro Cycling (and even Rapha, to an extent) are so against what happened in the Team Sky years. It's almost like they went so far one way that it got boring - so now everyone's just in it for a good time. Cycling could do with more of that.Screw tradition, let's have a laugh.",0
ruwiki,2020-11-30T14:47:16Z,it is true,0
Kenshin Nakamura,2020-11-30T03:05:41Z,Anyway you can do a rerelease of the special kits?,0
Thomas Shea,2020-11-29T04:24:35Z,"Lachy is great and I have been inspired to do some adventure riding, but I would like some more emphasis on winning for this team. These young guys went out and smashed it! Let's feed off their energy",0
Michael Montalvo,2020-11-28T04:38:51Z,Inspirational vlog.,0
Troy Collett,2020-11-28T01:32:32Z,Lachie is an amazing athlete to switch between ultra races and pro tour races,0
Shawn Remy,2020-11-27T16:21:39Z,Such a great watch!,0
sam Geldard,2020-11-27T05:38:40Z,good job jimmyhawthorn cycling club forever,0
Artur Matwiejuk,2020-11-26T15:09:49Z,it is the coolest and freshest kit ever,0
Desmond Yap,2020-11-26T12:02:57Z,I would slap the person who will say their current cycling kit is terrible.,0
Corey Beatson,2020-11-26T02:49:43Z,Make the kit available for purchase FFS,0
Ron Harper,2020-11-25T23:39:12Z,Cipo would luv those Kitzzzzz,0
David Schneider,2020-11-25T20:26:02Z,Awesome to see Lawson made it back in time. Great video!,1
João Sottomayor,2020-11-25T18:26:58Z,please giveaway the best kit ever on the sport :quack:,0
HearEyeAm,2020-11-25T17:10:47Z,"Enough of this bs “tradition”. I cant believe the team was fined for their jersey. These old conservative ways of thinking cant die fast enough imo. More style, more expression and more diversity should be embraced - not just in cycling but in all aspects of life. Thanks for pushing the edge fellas.",9
Quinn Titchkosky,2020-11-25T15:45:33Z,"Yeah the kit is a bit funky but at least ef isn't such an good ol boys club like alot of the other teams, that have zero interaction with the fans and seem to only be interested in the status quo. You guys seem to know you don't have to be so serious to go fast.",0
Zygfryd Homonto,2020-11-25T09:45:54Z,amazing - all,0
Jonatan Leandoer,2020-11-25T09:19:13Z,"Lachlan the guy who's on weed during the Giro I guess, he seems so chilled.",5
gamby16a,2020-11-25T07:34:02Z,"Phenomenal film.  You're still putting out the best, most compelling cycling content around.The squad is so great to watch.  Love how in depth this one went.And I want one of those hoodies!!!",0
Tono ton,2020-11-25T06:43:41Z,Lachlan = coolest guy in pro-peleton,1
durianrider,2020-11-25T02:00:45Z,The amount of sugar you would need each day to have good legs at the Giro would be at least 1000-1200g a day.Not sure why they rode such heavy bikes. Supersix used to need weights added to it to be legal.,0
Jamie Dwyer,2020-11-24T23:57:26Z,Inspiring! 🙌🙏 also.. so weird that i just noticed my seat has slipped back too 😲,0
Todd Eyster,2020-11-24T22:29:02Z,I would so order a jersey if they were available,0
Charles Shaw,2020-11-24T21:13:49Z,"Jackie Robinson. Satchel Paige. Tiger Woods. EF Pro Cycling. You'd think these guys did something other than temporarily change their jersey for a grand tour! Spare me the smugness, please!",0
Steve Jennings,2020-11-24T20:27:52Z,Excellent,0
Andrew Miller,2020-11-24T17:50:11Z,I wear my Palace X Rapha kit almost everyday out on the road. It’s beautiful!,1
davis,2020-11-24T14:59:59Z,That kit was so fucking sick,0
John Makin-Shaw,2020-11-24T10:56:09Z,Can we get an extra long cut of this? There's got to be more must-see footage!,5
Robert Matthews,2020-11-24T10:50:09Z,this is sick,0
madMike,2020-11-23T23:12:38Z,Lachlan is awesome as always. Congrats to Ruben! But.....fined for a jersey? Pro cycling needs to pull it's head out of it's ass if it wants to attract new/more fans.,3
Wolfram Alpha,2020-11-23T22:34:12Z,cycling is so traditional blahblahbla you cant have tattoos and beards and our jerseys are so radical!wtf?Check out greg lemond and his Z team.check out laurent fignon rocking the tour with pony tail an glasses.check out mario chippolini destroying sprint trains in a fucking ZEBRA SUIT.those jerseys are RETRO! and I think thats cool - but don't make yourself to some revolutonaries you're not. It's ignorant af.,0
Francisco R. Zayas,2020-11-23T21:18:06Z,Awesome ... glad to see that Lawson made it to witness the birth of his child.,0
Jake Davidson,2020-11-23T21:00:25Z,"I feel like every cyclist has hit that point, mid-ride or race, that they wanted to quit forever because they were feeling so bad only to find out that their seatpost was slipping or saddle was moving around. Also, QUACK QUACK QUACK QUACK!",0
Willem Johannes,2020-11-23T18:10:43Z,The people's champs!,0
Suggy LTD,2020-11-23T17:19:20Z,Excellent media.  Thanks EF/Rapha,0
Clifford Lucas,2020-11-23T13:08:15Z,I've been looking forward to these videos since last season. By far the best thing on YouTube right now!,1
Archie Atkinson,2020-11-23T11:01:11Z,So good I hope that Rapha continue to sponsor ef in 2021,3
John Holmes,2020-11-23T10:19:14Z,Love Lachlan Morton,0
Pedro Vizuete Castro,2020-11-23T03:06:13Z,Waiting for the Vuelta video with thier awsome race!! Best modern Cycling tem ever 😃,0
LaDéfenseISKF,2020-11-23T01:31:37Z,"Ugliest Pro Team uniform, WTF!",0
alexander cruz,2020-11-23T00:46:55Z,"Creo que latinomerica no solo debe ser un buen cliente de ustedes, sino también seguidores del ciclismo, para que nos den subtitulos en español.",0
Frank Goehner,2020-11-22T23:33:11Z,How do I get one of the hoodies,1
James Fam,2020-11-22T22:43:41Z,Excellent piece of documentary - please tell me there's a follow up episode for La Vuelta 🙏🏻,0
Frank Goehner,2020-11-22T22:07:48Z,Lachlan is someone I would love to have a beer with,9
LeShandy,2020-11-22T22:06:20Z,Reissue Rapha x Palace.,1
willjoc,2020-11-22T20:28:04Z,Work of art by Rapha films!,1
Matthew Lee,2020-11-22T20:20:50Z,I’d love to get my hands on those t’s too,0
Matthew Lee,2020-11-22T20:19:09Z,Palace! Fucking legend,0
Matthew Lee,2020-11-22T20:18:56Z,I so badly want that kit,0
ONE SHIFT MEXICO,2020-11-22T19:02:24Z,"All the sheep's obeying, wearing masks! If they knew what their doing to their health - wait! They don't! They just obey the United Nations, tyrannical governments and corrupted health directors with only one agenda - depopulate the sheeps! Boycott anything that mandates masks or vaccines. Next!!",1
David Sklenář,2020-11-22T18:54:48Z,LOVE IT !,0
Matthew Parker Hill,2020-11-22T18:14:25Z,Lachlan is one of the most interesting and multi talented riders of this generation 🙏🏼♥️,2
Tom,2020-11-22T16:53:14Z,"" To some people I'm just a joke"". Who the hell thinks Lachlan is a joke? He's done more to inspire me to ride than any grand tour winner or old school cyclist.,250
Ming Han Lee,2020-11-22T16:41:34Z,The kit grew on me and I love the video made. Thank you so much !!!!,1
nick fink,2020-11-22T16:37:02Z,they have a multicolour jersey and suddenly think they're edgy rebels ......,0
ghost_and_tape,2020-11-22T15:57:09Z,Absolutely. The. Best. Cycling. Film. Makers. Ever. 💪💪💪,0
M Caz,2020-11-22T15:39:36Z,why theres 2 women like statues on the podium lol,0
Konstantine L.,2020-11-22T14:02:46Z,The only thing I could possibly not like about this is a lack of new tracks by Builder's Tea. Done their spotify top to bottom idk how many times already. EF is simply the best and most enjoyable.,0
Cyka,2020-11-22T13:49:20Z,💓,0
Mark Vogler,2020-11-22T13:31:45Z,Everybody's favourite team,0
cegb,2020-11-22T12:07:20Z,"Call me greedy, but we need more films like this, and slightly longer please. Watching these makes me feel good in 2020...  :)",124
Gaulois réfractaire en exil volontaire,2020-11-22T12:02:19Z,"Keep doing what you do so well! Fans don't care about the haters and censors. EF1 is the only source of inspiration for the next generation of competitive cyclists. Who wants to join TJV or ING? Riders look bored to death, even when they win. Quack, Quack!",0
Ben Anderson,2020-11-22T10:24:41Z,The guys had an amazing race and made the giro very special. Such great racing all round and definitely the coolest team,0
Mick Tenthof,2020-11-22T10:11:37Z,EF is hands down my favorite team. Great staff and riders. Congrats on the wins!,4
Richard Young,2020-11-22T10:05:33Z,Never underestimate a duck 🐥,0
ForeverBored,2020-11-22T09:34:43Z,"Man, I would buy sooo much of this Palace x Rapha gear if I had the chance :(",2
Lloyd Elston,2020-11-22T09:24:01Z,"These vidoes are sooooo rad, most fun pro team around!",0
kyoMIS,2020-11-22T09:01:03Z,Damn I want to be part of this team,0
Louis Novy,2020-11-22T06:27:49Z,Atta boy wheels,0
Elijah Sarvey,2020-11-22T06:19:56Z,Absolute Legends,0
Colin K,2020-11-22T06:18:08Z,"EF is far and away my favorite pro team. Interesting, humble, and engaging riders, and they’re breaking some of the norms of cycling to advance the sport. How can you not love what they are doing, and this kind of content?! It’s awesome!",5
Jem Panuncialman,2020-11-22T05:52:56Z,Nice team Ef,0
Reno Indra Permana Mahardika,2020-11-22T05:47:33Z,Awesomeness🔥🔥🔥,0
Rob Bogin,2020-11-22T05:37:26Z,Couldn’t get enough of this!!!! Great job with all EF and Rapha! Lachley  is just the coolest cat out there!! Thank you for giving us such a cool behind the scenes.👊👊👊,7
Bill Cooper,2020-11-22T04:50:49Z,Great video EF will be a force to record with next year with great staff and a great team spirit! Love those kits!,1
Konrad Holland,2020-11-22T04:39:06Z,Lachlan is why I got into pro racing and EF specifically. Best team out.,81
diamondmine67,2020-11-22T04:26:48Z,Why does the Ecuadorian rider get a jersey with his flag colours?,0
JulianAllen13,2020-11-22T04:24:52Z,"Screw the ""wolfpack"" these guys just get on with being a team. Bettiol travels to the finish line to congratulate Rueben, Matt sheds tears when the ""boys"" win a stage and Lachlan? Just a bloody legend is what Lachlan is, no joke.",1
vedhed21,2020-11-22T04:20:54Z,"Epic, epic vid. This is why they're my favorite team.  Solid MFin dudes top to bottom.",2
Les Flynn,2020-11-22T04:06:08Z,"I've really liked this team since the Garmin days. It's great to have an insight into the team with this kind of content. Lachlan Morton is a slightly eccentric cat, and the fact that EF allows him to thrive on the team indicates they have a unique culture. Long live EF Pro Cycling.",6
bedan71,2020-11-22T03:54:21Z,Go EF!!!,0
LF 3400,2020-11-22T02:52:03Z,they should rename it lachlan gone racing,0
Jon Poon,2020-11-22T02:37:17Z,I so want Lachlan to compete for a stage win,0
Eddie Jack,2020-11-22T02:18:39Z,Such a great team. Cycling should have a sense of fun. And style. Chapeau! 🦆,1
Earl Styles,2020-11-22T02:05:29Z,Lachlan is the shit !!,0
monrezee,2020-11-22T02:01:50Z,Lachlan Morton is Bad Ass,0
Max Piper,2020-11-22T01:45:37Z,been waiting for this!!! excited to see the films coming out :),0
Rudi H,2020-11-22T01:43:24Z,Top notch content,0
samhamfast,2020-11-22T01:27:55Z,You guys play Uno!?  That's awesome!,1
Dante Livingston,2020-11-22T01:24:15Z,YAY LACHYYYYYYYY!!!!!!!!!!,0
Kazimir Smith,2020-11-22T00:49:21Z,thanks for this rapha - these films are always amazing,0
Osar,2020-11-22T00:13:33Z,EF is doin it right. And winning!,2
Frankz007,2020-11-21T23:50:54Z,"Just amazing, feels like a privilege to see this through a phone. Cant imagine the feeling of actually being there. Cheers to the team and the video producers",3
earthstick,2020-11-21T23:46:10Z,Giro colours are pink what's untraditional?  And Mapei kit was hardly conservative.,0
MZ,2020-11-21T23:43:20Z,"I truly love the whole spirit the EF team brings with it, that's why I was hoping to get my hands on one of the jerseys, but instead one of the bots got it, which are always being used at Palace releases. Doesn't matter what it is, people just buy it for resell, which in my opinion is not what this teams clothing should represent. Dear Rapha or EF1, please find a way to bring this limited stuff to people, who really appreciate and share your message and don't make it rely on money or internet speed. That's not what the cycling world needs...",2
Andrew Monfort,2020-11-21T23:36:38Z,"EF Pro Cycling is the team of the 21st century. Everyone has favorite riders that you like because of the way they race individually, but EF is a TEAM that I can get behind. Mitchelton is also pretty cool. They seem like pretty good guys.",94
EDITSIRA,2020-11-21T23:20:32Z,I think you guys are the best cycling team in the world,0
matteo santacaterina,2020-11-21T23:15:21Z,Great video as always...one questionWhy ef have not signed ashton lambie yet? The real deal,2
Robert Białek,2020-11-21T23:04:19Z,"I have to admit I hated this kit but after all... it’s still awful 😂🙅‍♂️ but whole statement, mashup advertising, 🖕🏻to conservative cycling is gold!! Love EF, keep it up",2
Bret D Turner,2020-11-21T22:54:32Z,"Can't get enough of this kind of stuff, thanks as always!",7
David,2020-11-21T22:53:05Z,Lachlan is how I got into cycling. Such an inspiration for how to live life,28
Kamiel Notebaert,2020-11-21T22:43:30Z,dreamteam,0
Orla Walsh,2020-11-21T22:41:04Z,Lachlan is the main character.,0
Pete,2020-11-21T22:36:11Z,i hope they release this jersey again cos its class. big up the EF team,1
chiz 1611,2020-11-21T21:57:05Z,Great video!,0
Alexandre Prevost,2020-11-21T21:54:16Z,🤯,0
Luke Turnbull,2020-11-21T21:51:02Z,Lachlan is an absolute legend and every team should have someone like him. Pure salt of the earth love cycling kind of guy!!,306
車大好きマン,2020-11-21T21:47:50Z,待ってました,3
Shane Williams,2020-11-21T21:42:27Z,"The hype & media spin was a success regardless of anyones opinion on the design. It definitely was a marketing gold mine for the team, Rapha and Palace so chapeau. It made EF easier to spot in the peloton too.👍",1
Luís André Ferreira,2020-11-21T21:41:50Z,Awesome!,0
Chris H.,2020-11-21T21:41:35Z,´Geargirona´ on Insta and you'll find some of that kit,0
Neil Langan,2020-11-21T21:24:22Z,"Love EF, love Lachlan and love the rapha palace kit, allez allez!",11
steffen Andersen Sahl,2020-11-21T21:20:10Z,"Love these video's they are putting out and love watching EF race. They just feel like a different team, a fun team to be part of. Great job this year guys!",1
PianellaHoneyPot,2020-11-21T21:09:51Z,Brilliant!!!,0
C B,2020-11-21T21:03:12Z,Thanks for that,0
Mary Wittenberg,2020-11-21T20:58:41Z,"Amazing job Sam & Rapha crew. And, amazing riders & staff as always. Great stuff.",1
C B,2020-11-21T20:55:42Z,Lachlan is the balls,3
Fraser McNally,2020-11-21T20:38:01Z,"👏👏👏👏 EF and Rapha really doing it again with the incredible film making, the gone racing series just seems to keep on getting better and better",3
ydnar,2020-11-21T20:29:35Z,Bad Ass team. Attitude is key. Why do we Ride. Why do we Race. Best cycling films hands down. Great work by the team staff and all the riders. Next year is coming get ready ! Thanks for this video.,68
Sportbike Jesus,2020-11-21T20:27:41Z,They let him win so they could get at least one rider out of that hideous jersey. One less eyesore in the world = marginal gains.,0
Werdna Liten,2020-11-21T20:26:19Z,You know this is going to be good before watching it. And it didn't disappoint.And I agree about the tradition in cycling. It has it's place - but in cycling it completely holds it back.....lots of things need to change.,29
mikes1984,2020-11-21T20:12:32Z,When I ride I like to turn my bibs inside out so that I look like I have the ar$e of a baboon,5
mikes1984,2020-11-21T20:12:01Z,Allah Akbar,2
ydnar,2020-11-21T19:49:56Z,Got my Beer and Popcorn. Lets go Giro !,5
Nicolas Castro,2020-11-21T16:52:29Z,Lachlan is my heroe!!!!!! Abrazo grande desde Bahía blanca Buenos Aires Argentina,22
Sonny,2020-11-21T16:34:54Z,someone jus straight up set me a RAPHA X PALACE jersey,34
Leonardo Daniel,2020-11-21T04:30:33Z,Anybody willing to trade a Rapha x Palace jersey for a 500 pack of CDC approved masks and a few Sis Gels? 🤷🏽‍♂️ Missed the 2 second gap they were available.,60
