Van M,2022-07-07T05:59:08Z,Beautiful!,0
Ryan ,2021-07-27T05:34:55Z,The worlds bicycle factory,2
플라네테스,2021-07-03T07:36:49Z,Beautiful Real China~!!! Beautiful bicycle land~!,1
Blog Pedalare verso il cielo,2020-10-11T05:28:01Z,Uno dei video Rapha più belli. Quando tornerete a farli ancora ? Cos'è cambiato ?,0
Rochelle De Weirdt,2020-03-22T03:27:58Z,I love Taipei City,1
Alex Grytsenko,2019-07-18T18:12:28Z,Can someone suggest me some local web sites or forums where I can look up the local races? I really appreciate it guys. Thx.,0
정재훈,2019-05-13T00:13:17Z,"In Rapha ride movie, I think this is the best! Taipei is versatile and beautiful city! Symbolic mountain named Yangmingsan looks really great. I really envy the cyclist in Taipei.",7
Ernest Berlot ,2019-01-21T11:14:32Z,"I came with my road bike to taipeh on 31.1.19. Where makes sense to stay, in witch area? greetings.",0
Gerhard Wanninger,2018-11-13T02:35:47Z,"As a German living in Taiwan for nearly 30 years I would like to give some comments to this video.“Taipei is not a huge city!” Taipei has an estimated 2,700,000 (!)  Citizens, from one side of the city to the other side I need at least ½ by bike one way. I live on the other side of Taipei in Xindian, would spend at least one hour (one way) to ride to the foot of Yangmingshan, later mentioned in the same video. This is a huge city for bike riders!       “Riverside Cycling Path” was a great addition but on weekends for sports riders due to very high frequency of families, children, elderly and inexperienced riders on bikes next to useless until you want to practice your breaking and balance skills. “You can escape the traffic by climbing hilly roads of the suburbs” is a nice comment but the video is titled ‘Rapha Rides Taipei’ (City). There is a difference between Taipei City and New Taipei City, the latter is the 'suburbs of Taipei City'.“The traffic is often congested by scooters and vehicles” is only part of the problem. The more serious problem is the Diesel-old oil mixture which they call Eco-Diesel and is burned and blown uncleaned into the atmosphere by buses and trucks. Ever noticed the black smoke when buses and trucks start from a standstill? These are the Diesel-recycled oil particles you inhale riding bike in Taipei City! The other point is the lack of respect for bicycle riders from all other parties (trucks, cars, scooters and even pedestrians) and the lack of obeying traffic rules from fellow bike riders using clearly seen clipless pedals. One visual example @1:18. Once I had to remind a Dad running a red traffic light that he is teaching his son, a Junior High School student, to run red lights from a very young age by following this father!“The roads of Yangmingshan” are not in the Taipei City but on the outskirts. The car numbers are restricted and the restriction is enforced, that’s why the hills near Yangmingshan are great for cycling. I live on the other side of Taipei in Xindian and would spend at least one hour (one way) just to reach the Yangmingshan area.“The traffic, while busy, has its own unwritten laws that keep it smoothly” I get permanently cut, blocked by turning cars on the road or cars leaving gas stations, get passed in dangerous close distance and shaken up by horns of egoistic truck drivers. I suppose, these are the ‘unwritten laws.’  One visual example @ 1:12.“I know that Taipei has plenty of room for improvement compared to other cities” is hopefully a good start in the right direction.Don’t get me wrong, I rode since the beginning of May until today (mid of November) 3.700 km on Taiwan roads happily but only ride in or to Taipei City for buying parts for my bike. And every time I am happy to leave…",10
Andres,2017-12-03T20:57:26Z,Beatiful video!,0
sam tseng,2017-11-14T18:58:52Z,拍的真棒,0
Vince,2017-11-14T10:12:06Z,終於來台灣了！,1
Effandi mahmud,2017-11-13T14:57:47Z,Merckx!!!,0
Costas Mandylor,2017-11-11T18:07:40Z,Now THAT was a great little vid!,4
David Carthy,2017-11-09T19:39:37Z,"Some really great shots in this video! Bravo Rapha, yet again bringing the quality",4
王鈞弘,2017-11-09T15:55:37Z,不管你信不信反正我是信了,0
吳致華,2017-11-09T12:52:51Z,棘輪聲，風吹聲，呼吸聲，滑行聲，這部影片表達得真的很有感覺~!!,6
Mani Matter,2017-11-09T12:13:24Z,Like,1
