Peter Foster,2022-12-30T16:33:05Z,chapeau! very inspirational to watch,0
Windmill Cancer Survivor,2022-12-29T01:34:26Z,Made my day!,0
Sean C,2022-12-27T17:41:32Z,"Professional sport is about being the fastest, strongest, best. That's what people want to watch. That's what most people will pay to watch. Whether it's men or women doesn't matter. Amateur sport is available to all in the  western world.",0
powerofpositive,2022-12-22T03:45:12Z,Amazing women cyclists!👍,0
Will I Aint,2022-12-18T08:55:12Z,Watched a bit of this with my 4 year old daughter. Thanks 😊 x,0
Carlos Barros,2022-12-12T17:54:45Z,So inspiring!,0
Angellos Malefakis,2022-12-10T09:53:10Z,"Plain and simple, I believe in EQUALITY. Meaning if you want to be equal to your male counterparts than you should be doing 20 stages versus an abbreviated version of 10 stages. I blame the girls in that they should fight for equality. I blame UCI treating the girls as secondary. I blame the team. Looking at the meeting it is like secondary to the males. What kind of van is that? Have you seen the buses the guys have? What kind of director is that? He is an amateur! Can you not communicate or talk tactics with the girls? Watching this film is like watching Division III or the minor leagues versus their males in Division I or the major leagues. Remember Joan Benoit won the first womans marathon in the LA Olympics. That was a turning point for womans sports. If you want to do the same than you need to request the same distance, the same buses and the same equipment, the same tactics, the same everything.",0
Jeremy Waite,2022-09-23T10:20:31Z,"Love it, thank you!!",0
clue son,2022-09-20T14:38:49Z,respect to the performance,0
Shaun Turner,2022-09-20T06:19:24Z,𝓟Ř𝔬𝓂𝔬𝐒ϻ 👌,0
Alex Spodarev,2022-09-18T13:28:15Z,"Lame, so many crashes and these crashes were horrible like women didn't know they have the brakes. One stage at the end one of the girls took left instead of right and almost crashes all peloton. The powers are not close to men's watts. The always smiling and talking girls...where is the Sport then? The willingness to win at any cost.I know many will hate the comment, but just acknowledge the differences and cycling at level of TDF - is not a women's sport, it's too harsh, too brutal.Some girls so fit it, but they are very rare",0
Jack Gibbs,2022-09-18T12:55:09Z,More women's cycling stuff please!,2
simon mougin,2022-09-15T17:33:00Z,Is it Lael Wilcox on 40min?,0
raymond herrick,2022-09-14T04:23:57Z,Wow great film & insight to the sacrifices & training .,0
Julio Fortis,2022-09-13T18:22:15Z,Bravo!! 👏👏👏👏👏,0
David Thompson,2022-09-12T22:03:19Z,A very polished and well done piece. Great insights into one of my favorite riders-Veronica Ewers!,3
J. R. Newton,2022-09-11T15:12:05Z,Just epic.,0
Gareth Williams,2022-09-11T08:55:12Z,"Great film, thanks for your continued support of women’s cycling. The team was fantastic.",1
Lucy,2022-09-10T09:27:34Z,"I enjoyed watching this and so pleased the Tour is back and giving women's cycling a higher profile. This was more of a stylistic film than a documentary though  and at times confusing. In particular, it is not true that there hasn't been a women's Tour for 33 years. There have been various versions of the event from the 1990s through to 2013, and the fact that they may not have been organised by ASO should not diminish the achievements of the riders who won them. Nicole Cooke won the Grande Boucle Feminine in 2006 and 2007. She and riders such as Emma Pooley did a huge amount to raise the profile of women's cycling and campaign for more equal representation in the sport. I'd love to watch a film that documents the history accurately.",4
AnnonY Mouss,2022-09-10T05:25:59Z,Inspirational & amazing! Why it took this long to get women to be part of Tour de France is just incredible!,1
Régis L,2022-09-09T18:02:28Z,"Magnifique Film, merci beaucoup 🙏",0
Freehub Magazine,2022-09-08T19:09:14Z,Great Story telling! Beautiful to see the dedication and heart.,1
Karla Hovde,2022-09-08T15:11:54Z,Fantastic!,0
Marc Peloquin,2022-09-08T02:51:08Z,"I would pay very dearly, like a fine Rapha article for the playlist on this doc, have not heard such a well executed ambient sound in a long time.",1
tracyverdegan01,2022-09-08T00:09:09Z,Really enjoy hearing the back stories and seeing behind the scenes Womens cycling is so dynamic.  The part with the father and his daughters was really special.  That’s what it’s about.  Great film ❤,4
Levente Juhasz,2022-09-07T20:44:54Z,"Rapha, you did it again. Kudos!",0
A C,2022-09-07T18:49:59Z,Excellent job including the unfiltered harsh and biased opinions over the years.,0
Jadhiel Asaph,2022-09-07T17:04:57Z,Total tearjerker. Bravo!,0
Reid Holbert,2022-09-07T14:37:08Z,Thanks for making this! Really enjoying it :),1
gamby16a,2022-09-07T05:59:59Z,"This was a beautiful, striking account of this important event. Tough, awesome women.I loved how the young girls were in awe of these superheroes. 😀",1
Shammer Diaz,2022-09-07T03:07:56Z,"Wow. Just, wow. Bravo.",0
Gasman1440 A.,2022-09-07T01:06:49Z,Men complain about passing a kidney stone…..women continue the humane race and we still ask well how can you be a mom and athlete…..any idiot ever ask Tom Brady that?,0
Crit Rey,2022-09-07T01:04:34Z,Could this have subtitles added?,0
John Records,2022-09-07T00:10:36Z,I think I saw 2 minutes of cycling in a 42 minute video about cycling,1
Highnoonshred,2022-09-07T00:06:27Z,I have not watched the Tour De France since high school because of several....Failures!! One of them being women not racing big tours! Goooo women!!!!,0
nluisa,2022-09-06T22:15:32Z,"What a wonderful piece of film making! This hits so many right notes: the timely archive footage, wonderful cinematography, the stories shown and how they are told, the storytelling... Even with these aside there is something else: relevance and transcendence. This matters a lot in our times, and I bet any woman, or women's rights advocate would relate to the story, regardless of whether they cycle or not.Well done! I will share! 💚",8
matteo caligiore,2022-09-06T19:18:59Z,thanks for the good things !!,0
Cherrylady,2022-09-06T17:34:35Z,"All the girls did incredible job. They really fought hard to be where they are now. Every single girl has an amazing, strong and courageous personality and inspiring background. Thank you for showing an example to the new generations of female athletes ❤️",20
Jimmy Jazz,2022-09-06T15:22:13Z,Amazing!,0
박근영,2022-09-06T14:34:34Z,Please inspire cyclists around the world with subtitles....pls.....,5
sean wood,2022-09-06T12:56:14Z,This was great. To see it from a different point of view was really interesting. And the race was just awesome to watch. Every day was unpredictable which made it super exciting.,1
Brooke Lendvay,2022-09-06T09:43:23Z,Awesome!!,0
Peter Baker,2022-09-06T08:08:33Z,"Is this a spoof video, do you mean women actually ride bikes ?????? Totally outrageous. 🤣",0
Theresa JV,2022-09-06T06:15:32Z,Seeing the Bob Mortimer book instantly makes me a bigger fan.,1
Marco Casamassima,2022-09-06T06:01:00Z,"Finger crossed for The Tour France Femmes, all in all the tour today is mostly paid by sponsors and, in order to exist, it needs to return the investment. I know it doesn't feel romantic but it is what it is … and it is (and always was) valid for men as well.",0
Alejo Storni,2022-09-06T04:41:14Z,The production value is amazing! Every video you guys put out feels like a movie,21
triplsiks,2022-09-06T02:37:16Z,That was too short! There’s so much to tell about this story. Great film though. Enjoyed every minute.,1
PddZ,2022-09-06T01:26:22Z,Who’s Le Idiote @1:00?,3
Jeffrey Wills,2022-09-06T00:09:17Z,Awesome! This racing was great to watch and this is amazing support for these women. Keep it up Rapha and keep smashing it ladies!,7
Phantom309,2022-09-05T22:07:43Z,"So inspiring to see from the other side, the riders perspective. Was a great race to watch, some good hard racing",14
Drica Nogueira,2022-09-05T22:02:09Z,Loved it! Congratulations on this great video! Please give us more women's cycling.,4
Yannick B.,2022-09-05T21:29:07Z,Congratulations to these greats competitors !,2
Massimo Serafini,2022-09-05T21:27:06Z,Let me get this straight. Before 2019 she didn’t know anything about cycling and a couple of years later she’s a professional cyclist??? How does that even happen?,6
Tom Cretton,2022-09-05T21:18:10Z,please keep up the amazing content .xx,2
Bill Ing,2022-09-05T20:58:25Z,Unfortunately pericarditis is a result of the Covid vax.,0
Cycling Around,2022-09-05T20:55:04Z,Really inspiring story!,2
Ryan S,2022-09-05T20:46:12Z,please never include a scene with a gopro in a washing machine again. wtf,5
Lee Denton,2022-09-05T20:32:44Z,Fantastic film,1
Sharon Burns,2022-09-05T19:46:35Z,Really inspiring,1
Erkki Izarra,2022-09-05T19:46:10Z,Thank you.,2
Steven King,2022-09-05T19:45:55Z,"Really great video, enjoyed the behind the scenes.",2
