Edward Wood,2018-07-22T06:20:09Z,Jeffrey the fish,0
Hicham el mouatassim,2017-10-21T13:24:57Z,Best Rapha video ever,1
Antony Oduor,2017-06-12T06:13:12Z,2:10 Goosebumps to the ends. Whoa!,1
Volodymyr Ilchenko,2016-09-18T11:16:31Z,"I've seen once and couldn't forget… And dear, does anybody know what the soundtrack is it?",1
Roy Love,2016-04-22T15:25:42Z,Lovely stuff guys.,1
Aria Kiani,2013-12-15T02:38:53Z,That was great. ,1
vicente de jesus lara,2013-12-13T02:40:57Z,Muy bueno!,3
Dustin Varga,2013-12-10T01:46:28Z,Pretty rad!,1
SilkyTwill,2013-12-07T23:46:14Z,Beautiful film,1
