Blog Pedalare verso il cielo,2019-09-29T16:14:19Z,No disc please,0
swampymaan,2019-09-28T07:35:53Z,being wet after a long hard  day... these Rapha Clothes work perfectly ;-),0
Sam Losurdo,2019-09-26T05:24:57Z,captured the feeling perfectly after a hard day in the saddle. Loving these Rapha films.,2
지니라이딩,2019-09-25T16:39:18Z,Rapha😍,1
Road Glide,2019-09-24T20:08:33Z,Why we ride..,1
ydnar,2019-09-24T19:19:15Z,Great editing as always.  Your shots alone tell the story so well. Always inspired  !,0
#STILL,2019-09-24T17:43:24Z,A nice cheeky reveal of Lachy there towards the end!! Tidy!,5
Rodrigo R.A.,2019-09-24T16:45:34Z,🔝,0
